xHandle,displayName,tier,cluster,composite_z,totalXeetsExclXeetsgiving,competitiveTournamentCount,avgDifficultyAdjustedPercentile,signalRatioAvg,cryptoCreatorXeets,multiplierBreadth,osFloorCommon,ethSaleVolume,highestSaleCommon,priceTrajectory,saleVelocity30d,ownCardsHeld,deckReachScore,followers
bearish_af,BEARISH,Epic,2,-0.9795141081437813,0.0,0,,,,0,,0.038000000000000006,0.01,-0.0021449790165232224,1,0,36.3,66669.0
tolibear_,toli,Rare,4,-0.4698813236967636,1324.437704,3,0.8368936540599909,0.6456898832005131,121.426108,1,0.0669,0.0,,,0,0,36.3,30016.0
iiamthatguyy,Anthony prev (The Honored One),Rare,4,0.029741683641586525,210.948977,1,0.9472214796994267,0.9207232242509067,,0,0.005,0.0015999999999999999,0.001,,1,1,0.3,1189.0
CelticMatheus,Matheus Celtic,Legendary,1,-0.5577024388839188,1650.7296629999998,2,0.8955608247964579,0.4717940369651161,1471.674746,0,,0.0,,,0,0,,37578.0
Airdrops_one,Grey Ledger,Common,0,-0.08648698440991934,71.055899,1,0.9365588523567674,0.8673293216182205,,0,0.003,0.0014,0.0008,,1,0,,145243.0
manyaaww,manya,Legendary,1,0.3196713306957081,2355.275309,5,0.9771622357956359,0.728477245783948,1807.518076,0,,0.0,,,0,0,,14599.0
dachshundwizard,DachshundWizard 🧙‍♂️,Legendary,1,0.3420204139673599,1880.90091,1,0.992381908426747,0.951753102014688,1856.807375,0,,0.0,,,0,0,,49965.0
nashahmed3,Nash,Common,0,-0.662194003891429,689.83542,2,0.8705751784565398,0.5080011110624134,635.223382,0,0.0659899999999,0.0,,,0,0,,11152.0
bigwil,bigwil,Common,0,-0.24202182793855678,1206.493692,2,0.9308710636409343,0.6469724641666796,1118.114412,0,,0.0,,,0,0,,13388.0
fud_berry,berry,Common,0,-0.9789448942105088,3.852729,0,,,,0,0.00114,0.0044,0.0011,0.0002846738074359763,4,0,,33231.0
Houseofyogi,Yogi,Legendary,1,0.46735064308898405,2797.193692,3,0.9768750752948461,0.9244136031637945,2265.284289,0,,0.0,,,0,0,,36902.0
voxelqueen,VQ,Common,0,-0.9119746344859863,277.693377,2,0.7940580441287173,0.5311559072338822,201.515008,0,0.0055,0.0,,,0,0,,13385.0
Mide_ox,X,Common,0,-0.4721415214712891,854.995494,3,0.8918545846359024,0.5350094834522485,507.590545,0,0.00989989991,0.0013,0.0008,,1,0,,8902.0
justmeg,Meg,Epic,2,0.2122637359015058,1661.126947,4,0.9524156820361206,0.8014780881337158,553.338221,0,0.005,0.0011,0.0011,,0,0,,20585.0
Nick_Researcher,Nick Research,Rare,4,-0.14234536263879052,1393.575599,2,0.9488189827715481,0.6674041142190928,1229.314428,0,,0.0,,,0,1,11.3,10498.0
djDriverless,Beamish,Rare,4,-0.6767640184279704,656.7913490000001,2,0.8829700954553117,0.4684285026774786,537.393724,0,0.00113999999998,0.00633,0.0013,-0.00037660511771787035,6,1,22.0,5304.0
leiane1,Leiane.eth  ☮️,Legendary,1,-0.2529341232677823,1807.096376,3,0.9689539858801722,0.4574635205576416,1122.321676,1,0.00399,0.0,,,0,1,85.2,91800.0
SOLHUSTLER,HST 🌋,Epic,2,-0.028698330356042773,1478.02113,2,0.9900002079063828,0.6469476776867816,,1,0.01,0.0017000000000000001,0.0011,,2,0,,1132.0
frostyz,Frostyz,Common,0,-0.4680314361483848,1041.7112809999999,2,0.9111269231073307,0.5347604662113145,973.946541,0,,0.0,,,0,0,,7559.0
0xkovv,Kov (effort arc),Rare,4,-0.10426318811475649,686.4458380000001,2,0.8825849451419885,0.8980370588912227,617.362109,0,0.002,0.0,,,0,1,3.8,15521.0
Pons_ETH,Pons Asinorum,Legendary,1,2.296443765773714,17922.477654000002,16,0.9667316467979767,0.7773316466664454,4897.657463,0,0.039,0.0,,,0,0,,72345.0
DailaX,Daila,Common,0,-0.04198647059777445,800.0245649999999,3,0.9286291636103332,0.7710186553646428,532.195357,0,,0.0054989900000000005,0.0005,,2,0,,24465.0
MeetAminX,Amin𝕏,Common,0,-0.06387379200001758,1197.961337,3,0.9204659289309451,0.7525306714739696,904.477638,0,0.00119,0.0048000000000000004,0.0008,-7.58264593917724e-05,5,0,,6973.0
0xfs7,FS7 🌊,Legendary,1,-0.4626785910449094,2029.453643,2,0.8445708335763893,0.647478241705033,1993.966059,0,0.00499999999999,0.0007,0.0007,,0,1,89.0,18049.0
BlueWolfNFTs,Blue 💙🐺🐐,Rare,4,-0.9446295766940672,411.229536,2,0.8279824683423537,0.41583982845154593,358.650123,0,0.0098999999,0.0016,0.0005,,2,1,35.3,9640.0
Frenchiee,Frenchie.moca 🇫🇷,Common,0,-0.262577772236885,1746.698767,4,0.922009660114731,0.5145336959025311,1246.222076,1,0.001027,0.0029899,0.0009899,0.0003455804565038706,4,0,,13802.0
tulipxbt,tulip ✨,Common,0,-0.4129491294563346,832.368174,5,0.8977124771492984,0.45759525393985356,207.425093,1,,0.0025,0.0011,-0.0004631191825854066,2,1,69.6,10648.0
GUJJUIIXI,GUJJU,Common,0,-0.11277021258216685,1646.211406,4,0.9656462668476851,0.5254915888131173,816.073621,1,0.008,0.0022,,,1,1,79.8,5996.0
NDIDI_GRAM,HEADBOY 🦇🔊,Legendary,1,0.346776416579422,6435.718614000001,3,0.9181544030696193,0.7760459159203585,6259.611627,0,0.0039555,0.0057,0.0007,,1,3,86.4,198557.0
RealPiffsPeak,PiffsPeak,Common,0,-1.3683068236364098,345.501987,3,0.677497694943404,0.4164196711943104,74.967493,1,0.0021,0.0014,0.0008,,1,0,,3034.0
Telcier,Telcier,Rare,4,-0.692376952010018,352.29262500000004,2,0.8384718261210331,0.5829389930882338,272.250109,0,0.0149,0.0027,0.0013,-0.00045879091270495387,1,2,43.2,9713.0
dustinvibes,dustinvibes,Common,0,-1.665627230210286,70.64455000000001,1,0.8064985595057769,0.0,,0,0.00499999999999,0.0043,0.0012,-0.00022125953922688758,1,7,100.0,10034.0
CryptoArter,Arter ✳️ 🫎,Common,0,-0.11569239777239232,838.63005,3,0.8956233553492394,0.7945755562735138,299.039915,0,0.0098999999,0.003,,,2,4,99.5,7534.0
yellowpantherx,yellowpanther 黄豹 💎,Legendary,1,-0.259927938798323,1162.0762249999998,2,0.9273327235031008,0.6446741435957729,1074.573618,0,,0.0,,,0,0,,172945.0
sanjaybuilds_,Sanjay,Legendary,1,-0.10333543662264061,1175.080435,2,0.9421788631644805,0.7251726022859212,1029.601408,0,0.007,0.0,,,0,0,,56823.0
0xasrequired,as required (LI.FI/Jumper),Rare,4,-0.16721139957189612,491.593557,1,0.880910155596453,0.9200413264562138,486.480619,0,0.009999999999,0.0005,0.0005,,0,1,16.4,4434.0
ruledout_,RuledOut xD,Legendary,1,0.3634458224660065,3109.8829419999997,4,0.930717277702614,0.8879863624034686,1862.964295,0,0.0035,0.0018999999999999998,0.0008,-0.00024974154092713625,2,0,,17676.0
OUchrisNFTs,OUchris,Common,0,-1.3021158063633664,83.73940900000001,1,0.884314948468918,0.08129292345706589,,0,0.00989,0.0055,0.0055,,1,11,100.3,10650.0
lokithebird,LoKi 😈,Epic,2,0.918168971931676,7865.045496,7,0.9231571624505374,0.896331766114387,6904.196982,0,0.008,0.0046,0.0012,,1,0,,48666.0
SALAMANDER12_,SALAMANDER,Epic,2,0.4633870270889836,3568.632461,5,0.9733541790921322,0.7784847012006926,789.661397,0,0.00249,0.0012,0.0012,,0,0,,16713.0
Truunik,Truu🐻‍❄️,Epic,2,-0.015955964078607332,1102.872992,2,0.9402938595394734,0.7994905975827835,631.016693,0,0.02,0.07349000000000001,0.00999,0.009775999591424648,5,4,72.9,11223.0
moneyfet1sh,moneyfet1sh,Common,0,-0.8949612255730155,845.113277,3,0.791091036998433,0.4653447698859361,755.471398,0,0.0098999999,0.0005,0.0005,,1,0,,5866.0
SHGFees,Superhighgasfees ❤️,Common,0,-0.9380822562191371,368.401517,2,0.8115607273603731,0.46348955036939865,316.774885,0,0.004998989999,0.0011,0.0011,,0,0,,13118.0
CuzmanovS,Sasha Cuzmanov,Common,0,-0.633002140932172,1256.0633799999998,5,0.8661195179164463,0.3463000033592132,,2,0.0062,0.0015,0.0009,,1,0,,1471.0
greenknight_sol,GreenKnight (DKS),Common,0,0.019686348120460412,1443.900603,3,0.9402141579616998,0.7531571916091967,399.767891,1,0.0098,0.0018,,,1,0,,3421.0
stake_mm,stake_m,Rare,4,-0.7090689076841634,497.945267,2,0.85337807273561,0.5256788086531867,441.30145,0,0.005,0.0035900000000000003,0.0011,-0.00031885646213180923,1,1,5.9,19592.0
Smolpeach33,Smolnaut,Common,0,-0.4656904344541638,1032.9025589999999,3,0.8602840747475593,0.6075534690644777,623.612814,0,0.0035,0.0011,0.0011,,0,9,99.7,5271.0
Cryptowithkhan,Crypto with Khan ( SFZ ),Mythic,3,1.3790976087388482,8950.941226,15,0.9704448991260751,0.6312227084562705,1724.777521,1,0.0199,0.0117,0.007,0.0007515016017304303,2,4,91.8,77892.0
josephweb3,Joseph,Common,0,0.13243563940305045,1243.571367,2,0.941676618608882,0.8998163785605029,1118.082852,0,0.0017,0.0,,,0,0,,8742.0
Carl_m101,Carl,Common,0,-0.06265478471732391,731.5862669999999,1,0.9286487089398249,0.8680033552416038,731.438236,0,,0.0012000000000000001,0.0007,,1,0,,25602.0
Wezaverse,Adam Westerén,Epic,2,0.01769552847434519,1447.9557180000002,3,0.8743524535507393,0.9132673399826028,1348.542944,0,0.003,0.00119,0.00119,,1,0,,10122.0
LucBerkefeld,Luc,Common,0,-0.08806743649238036,526.2235079999999,1,0.8900451731637945,0.9551594482846285,523.531471,0,0.0069,0.0005,0.0005,,1,0,,29754.0
ethmaxi,big daddy brando,Rare,4,-0.005384676177968123,2047.4818119999998,2,0.9617712940046252,0.7022146508051487,1855.279045,0,0.007,0.0017000000000000001,0.001,,2,1,3.8,164606.0
Allenbaez126,ALLEN 🐺,Common,0,-0.9761133975265861,323.975347,2,0.7925214599771666,0.4841531429269367,272.912705,0,0.0028,0.00231,0.00101,4.674668617686948e-05,1,0,,11928.0
SquiddyNFT,"SQUIDDY {✊,🎮}",Common,0,-0.46603149966823837,1073.124669,4,0.9055422460944882,0.4394741564568307,772.845178,2,0.0021,0.0016,0.0008,,0,0,,16139.0
AzFlin,AzFlin 🌎,Legendary,1,0.6504701092841552,6495.688707,3,0.9810264341810017,0.8464957763822994,5754.19958,0,0.00999,0.0005,0.0005,,1,0,,29447.0
juaneth77,Juan.eth,Common,0,-0.9721136298117858,50.09019599999999,0,,,,0,0.0029,0.0008,0.0008,,1,0,,2740.0
GemsScope,GemsScope,Legendary,1,0.06811404136712684,2735.477051,2,0.9514446715816334,0.7446321978644086,2633.86865,0,0.009899,0.001,0.001,,0,0,,172494.0
alphabatcher,Alpha Batcher,Legendary,1,0.27849200068091884,3052.81847,5,0.8919758952526708,0.8681102836977264,2014.523609,0,0.01498999999987,0.0048000000000000004,0.0007,0.001437231055537179,4,0,,51862.0
666Sixpaths,Sixpaths🐸,Common,0,-1.734889021872186,52.483119,1,0.6283227895096379,0.3867526143982164,,0,0.0021,0.00291,0.00101,0.00045513283216252353,3,0,,3667.0
raidenkrn,Raiden,Epic,2,-0.0289293881469066,721.5324469999999,1,0.9271540906809437,0.8975830910405581,721.440207,0,,0.004,0.004,,0,5,99.7,41043.0
YatMuseum,✨ 🐐 ✨,Common,0,-1.6607296654387045,68.786296,1,0.8034690665003416,0.011228233036770313,,0,0.000999998,0.0066300000000000005,0.00144,-0.00027926616425537955,4,0,,24824.0
HarrietPJones,🜲 Harriet,Mythic,3,0.9717932962006571,12746.335169999998,6,0.9336493650656758,0.6942114542912399,2194.982189,1,,0.0245,0.0245,,1,14,83.6,6814.0
auntiepaca,Lil Auntie 🌮,Common,0,-0.7522655782958219,437.52523099999996,2,0.8243837648405734,0.5678088431272502,192.480312,0,,0.0037,0.0005,,2,1,65.2,31920.0
youfadedwealth,Faded 🦇,Legendary,1,0.07207556047559366,1734.263203,3,0.9744695066403922,0.6922420722995849,932.525357,0,0.05,0.0,,,0,0,,49551.0
jowenNFT,Jowen.eth 🔸,Common,0,-1.1137962428919161,170.142227,2,0.7584170354173758,0.47300750891038534,107.926442,0,0.0049989,0.0010999999999999998,0.0006,,2,0,,8890.0
CryptoGorilla,Gorilla,Legendary,1,0.6284320430059672,7907.520313,3,0.9727064207751949,0.7719841739834553,7389.636118,0,0.008,0.0014,0.0014,,1,0,,167380.0
GaspodeWD,GaspodeWD 🎮🎙️📽️,Common,0,-1.2735051431112603,125.754764,2,0.7117823944533227,0.4700181094537891,63.94576,0,0.0099,0.0006,0.0006,,1,0,,12483.0
thegreatola,Ola Ξlixir,Legendary,1,0.1952469646749201,1997.425279,4,0.9797298496272424,0.7029002994416217,931.358186,0,0.004,0.001,0.001,,1,0,,106111.0
shredder_tegg,SHREDDER,Epic,2,-0.3827136471238684,1609.4631339999999,2,0.9378366966945022,0.5017342367976754,1486.098913,0,0.0016,0.0021999999999999997,0.0012,-0.0007061905104144104,2,0,,13797.0
imho_nft,imho,Common,0,-0.7498630059110097,232.679969,2,0.7261104561953218,0.8224601553419739,191.612551,0,,0.0,,,0,0,,5032.0
degenBRO__,degenBRO,Rare,4,-0.059025404170361395,2118.059576,2,0.9648219195293324,0.6504820896366427,1927.295809,0,0.0035,0.0031000000000000003,0.0015,-0.00031372489047162437,2,0,8.2,37058.0
IbraTheDabra,Ibracadabra,Common,0,-0.3884547624327631,690.9415660000001,2,0.9045431070273426,0.6302262057350883,589.826395,0,0.0027,0.0005,0.0005,,1,0,,25877.0
CryptoeJammin,Cryptoe Jammin,Common,0,-0.9123246387991932,169.15105699999998,3,0.6655387457541814,0.7983260729379174,80.040964,1,0.0021,0.0012000000000000001,0.0007,,1,0,,6575.0
shannholmberg,Shann³,Epic,2,0.04771565547721068,890.368734,2,0.9292267869745903,0.8863405708344845,545.441647,0,0.05,0.002,0.0012,,1,0,,20215.0
Just_Jibon,Nazrul Islam Jibon,Common,0,-1.628846030605001,64.571303,1,0.8066470640648669,0.027618162433150434,,0,0.0017,0.00475,0.00115,0.00013358761481332106,4,0,,8441.0
themansion_eth,Yasmina,Common,0,-0.09017625114156638,2159.391617,4,0.8802476381029126,0.7238167366465165,723.133151,1,,0.0022,0.0008,-0.00010545925343355299,0,0,,19653.0
Shtihmas11,Shtihmas 🫎 π²,Common,0,-0.0507143119578502,590.994871,1,0.8943505660587809,0.9690598357966251,544.198437,0,,0.0023,0.0009,-0.0002490752201765341,2,0,,10093.0
N3XTTT,N3XT,Common,0,-0.5659549098336654,161.217915,2,0.7481766524764685,0.9104390231110789,95.324646,0,0.009703,0.0008,0.0008,,0,0,,16943.0
MasterChiefNFTs,MasterChief 🩸,Common,0,-0.6748791847393179,412.622854,2,0.850020203030305,0.5643650390722577,345.426987,0,0.0027,0.0012,0.0012,,0,0,,32671.0
thekuchh,kuch (vibecoding arc),Epic,2,-0.13867773798157484,902.1871970000001,2,0.9274443049142616,0.7499653345200675,602.776424,0,0.0048,0.0053,0.0034,0.0005562237619834461,0,0,,49229.0
threadoor,threadoor,Common,0,-0.0038834971277516006,1409.7730600000002,4,0.8482444284644297,0.9089352833502032,802.004796,0,0.0021,0.0005,0.0005,,1,0,,16902.0
pgreyy,pg,Rare,4,0.21811522244401926,1665.1781099999996,3,0.9581257368587236,0.84600471701486,613.46434,0,0.007,0.0,,,0,1,13.8,8295.0
_yourbros,bros / bad actor,Common,0,-0.5081026813256787,732.4013040000001,2,0.9021801751328153,0.5437993067958332,647.316397,0,0.0035,0.0024000000000000002,0.001,-0.0003507976071054338,2,0,,21038.0
GrafinkaVi,Vi,Common,0,-0.9795141081437813,0.0,0,,,,0,0.00101,0.00211,0.00101,0.0005204201827645295,2,1,66.2,1500.0
onchainmo,moritz,Rare,4,-0.5477036376900727,896.679665,2,0.8950748195883282,0.5223715248998142,823.019605,0,0.006,0.002,0.0015,,1,1,32.0,43450.0
jeg6322,EWL,Legendary,1,0.032706697582938246,1420.657238,2,0.956328698068009,0.7790223403391152,1254.216052,0,0.0098999999,0.0006,0.0006,,0,0,,11501.0
0xbeiu,Beiu,Rare,4,-0.16189132171986448,113.73584799999999,1,0.9089370043660341,0.8761542525975788,,0,0.0085,0.0,,,0,1,6.6,2519.0
thelearningpill,The Learning Pill 💊,Legendary,1,0.21722228726661086,2228.212556,4,0.9313293850552846,0.8255302560757435,2010.287901,0,0.00599999999999,0.0018,0.001,,1,0,,23305.0
HollanderAdam,Adam Hollander,Epic,2,-0.19323980241665517,3607.088683,2,0.9331272431934163,0.5448039911014357,3538.284057,0,0.004955,0.0059,0.0035,0.0023875054701969207,3,1,89.0,86975.0
tictacmagic_,Tictacmagic,Epic,2,-0.08692099662378722,2210.0270750000004,8,0.8856053523770722,0.4927519711640865,285.542344,1,0.0099,0.0029999999999999996,0.0012,0.0005419333066953165,4,0,,5359.0
henwyeth,Henwy,Epic,2,-0.13593420794196784,1663.550481,4,0.8911834716802867,0.6900838816700723,1252.604541,0,0.005,0.008199989999999999,0.00129999,0.00022960570001491812,5,0,,4676.0
bull_boiy,bull🪴,Rare,4,-0.9830357581995095,25.579515999999998,1,0.6563604502658231,0.884469222732701,,0,0.00489899999999,0.0024999999999999996,0.0008,-0.00028694076220064316,3,1,5.6,821.0
thegaboeth,THΞGABO🍌,Legendary,1,0.2002011885865303,1857.317012,2,0.9770714088980086,0.8297032670199667,1479.997606,0,0.0055,0.0,,,0,0,,91444.0
DonPudgy,Don,Legendary,1,0.3604190598215229,2728.842265,5,0.9396169159659864,0.8306167493732775,1811.912036,0,,0.0,,,0,1,98.0,7293.0
KaruptKP,KaruptKP,Mythic,3,0.2810125598383143,4531.182775,6,0.935391876183106,0.6268569083995713,1247.128637,2,0.00329999999998,0.0024000000000000002,0.0011,-0.000565543610507812,2,1,99.7,5747.0
brave_raf,Dr Rafa,Rare,4,-0.007387475333557977,1016.6290079999999,3,0.9296188047940411,0.7825658483831864,376.25341,0,0.009899999999,0.0008,0.0008,,0,2,26.1,10409.0
hannahhughes,Hannah Hughes,Epic,2,-0.4124033781787667,266.69241,1,0.7904745970665328,0.9704482853486532,266.69241,0,0.015,0.00479999999997,0.00279999999997,,1,0,,29350.0
katexbt,katexbt.hl,Legendary,1,0.7497697564468135,4992.853061,4,0.9895040450478657,0.9293613251088306,3257.38802,0,0.009899999999,0.0,,,0,0,,29110.0
twenty3ry,Twenty3ry,Rare,4,0.08718549858286218,440.64524400000005,1,0.9683685289138376,0.8991847092928914,,0,0.0014,0.005,0.0008,-0.00017542377629202184,4,1,26.1,906.0
EricCLFung,EricF,Mythic,3,1.2950581990362988,7153.421015999998,17,0.8898720807516957,0.7570730771890639,2010.614482,5,0.0021,0.0,,,0,1,69.1,19829.0
bigZUKO_,mayowa 🍀,Common,0,0.02704389117337838,1850.349234,2,0.9611011004080992,0.7391812905669288,1669.974312,0,0.003,0.0026,0.0008,-0.00015707401526774098,2,0,,9127.0
PlatyMama_,🥚PlatyMama,Common,0,-0.47885687448086,595.5632459999999,2,0.8881307250377191,0.6079006473106863,372.947305,0,0.00239999999997,0.003,0.0011,-0.0003416240729769956,1,3,86.4,14635.0
queenmoon1337,MOON (power up/arc),Common,0,-1.084745615720757,198.10630099999997,2,0.7783496378518677,0.4443128833594245,128.349484,0,0.0016,0.0008,0.0008,,1,0,,19656.0
Dbiljonaire,DB,Common,0,-0.22237989435984673,941.6768870000001,3,0.8244857661295845,0.8834597408387724,284.63629,0,0.00144,0.0018,0.0006,0.0,3,0,,5760.0
senzer,Senzer,Rare,4,-0.9795141081437813,0.0,0,,,,0,0.0024,0.0007,0.0007,,0,1,45.8,5119.0
Potterplays1,Potter🧙‍♂️,Common,0,-0.6516482700124187,615.795605,3,0.8739350272254797,0.457399120449595,476.516858,0,0.0097,0.009599999999960002,0.0007,-0.004065334961968906,1,0,,20669.0
UxGsol,UxG,Rare,4,0.2431705880616075,2506.826089,4,0.9783629409444283,0.7139958237775137,980.251958,0,0.012,0.0008,0.0008,,1,4,6.6,89844.0
GeoOnchain,AG,Epic,2,0.3155043755244351,2383.3279070000003,5,0.9433372262568323,0.806900549200557,925.96774,0,0.0035,0.0029000000000000002,0.0011,-0.00041612266593616043,2,0,,18315.0
Y4NGO,YANGO,Rare,4,-0.5904270299479126,357.435427,3,0.8251694569498104,0.6375840431215524,119.183045,1,0.0026,0.0014,0.0008,,1,1,12.8,15116.0
InfinityGlock99,InfinityGlock,Common,0,-1.0562594959844738,250.516206,2,0.7846443721793482,0.44734682583454644,185.587421,0,0.00698999999996,0.0031,0.001,-0.00027786145903848107,1,0,,10422.0
Abstract_Hzn,Abstract Horizon,Common,0,0.2580805746755723,1483.9848229999998,2,0.9589031583552245,0.9385780556997334,726.424011,0,,0.0014,0.0008,,1,0,,8815.0
cryptodaaddy,Crypto Daddy ֎,Common,0,0.1985112791795664,2064.58674,7,0.9632469701956193,0.5789740661654053,1085.50838,1,0.0019,0.0006,0.0006,,1,0,,24193.0
flb_xyz,FLB,Mythic,3,0.8047237254287789,5561.807204000001,9,0.9589557525657116,0.7422180834948919,2010.483282,3,0.00499,0.0,,,0,1,16.1,17714.0
0xChvd,Jay,Rare,4,-0.1984454616122986,1288.541866,2,0.8405397398200125,0.8971271487275571,,0,0.008,0.0,,,0,1,0.3,1099.0
connetwitheasy,𝐞𝐢𝐳𝐳𝐢𝐞🍡,Rare,4,0.12002460172056878,1354.321058,2,0.9532145254125488,0.8559883075079233,684.79451,0,0.00209999999999,0.0008,0.0008,,0,1,11.5,2543.0
AdrewXvii,ADREW from XVII.,Common,0,-0.8054693292094929,238.145898,2,0.7616376612690068,0.6930658474717942,62.972888,0,,0.005,0.002,-0.001240043340289952,4,0,,8533.0
MINHxDYNASTY,۟,Legendary,1,0.22588456977045562,6051.303766999999,4,0.9052203734252049,0.6839211897158368,5859.320078,0,0.015,0.001,0.001,,1,0,,71170.0
SHADOW_NFT15,SHΔDOW,Legendary,1,0.6392586156192388,2626.343667,6,0.971963598706707,0.912027742521072,1503.247522,0,0.012,0.0015,0.0008,,2,0,,26649.0
Sk0rpETH,Sk0rp.eth,Rare,4,-1.2425646216191817,123.51609300000001,2,0.7105181398853118,0.4965046846178086,61.543297,0,0.00399898,0.0010999999999999998,0.0006,,2,1,0.3,3258.0
viiibe,viiibe,Epic,2,0.4745719086287332,3127.2212310000004,6,0.9805750236442385,0.7392740388895856,814.759566,1,0.0015,0.0031000000000000003,0.0015,,1,1,81.1,18637.0
ghostdotxyz,Ghost,Common,0,-0.3586196630467222,989.4734579999999,2,0.9136826117828004,0.6136183840215726,915.188468,0,0.003,0.0034800000000000005,0.00109,-0.0004958797921066916,1,0,,7138.0
fimmonaci,fimmonaci,Rare,4,-0.3311095477373746,972.1328149999999,2,0.9181468511371069,0.624289353931317,889.148375,0,0.008,0.008,0.008,,0,2,10.7,13240.0
evans1vn,evans,Common,0,-1.1271701183013432,198.023548,2,0.7727533236709216,0.4261809023183539,138.879694,0,0.00143999999998,0.0006,0.0006,,1,0,,60341.0
maskjiro,MaskJiro🫎,Common,0,0.5948450379622638,4329.384423,6,0.954097779262189,0.8279843436510306,951.448555,1,0.0026,0.002,0.0005,0.00048773816253147345,2,1,96.9,5146.0
PhinTotten,Phin,Legendary,1,0.4573363418433233,4045.715388,4,0.9597131007658826,0.8353491781117481,3288.056055,0,0.00398999999998,0.0021999999999999997,0.0009,-0.00038493050647928095,1,0,,29676.0
vohvohh,voh,Legendary,1,0.5268112459632517,4252.992523,3,0.9928915815406558,0.8489192735135634,2640.091239,0,0.05,0.0,,,0,0,,116488.0
Nadir_Nfts,NADIR || Community Builder,Common,0,-0.7160637107957295,405.001469,2,0.8543023693848983,0.5233107917183076,322.267702,0,0.00989,0.0014,0.0007,,0,0,,10086.0
SHL_eth,SHL,Epic,2,0.28739002978185574,1510.0068860000001,1,0.9860911270983214,0.9467421628378003,1506.054832,0,0.0098999999,0.00169,0.00119,,2,0,,7264.0
MookieNFT,Mookie,Legendary,1,0.15551110468536197,2492.07849,4,0.926329550857656,0.7767806946476293,1741.223699,1,0.00999999999997,0.0,,,0,0,,150737.0
Jakeronthia_,Jake,Rare,4,-0.19335042536669378,648.336091,2,0.9075333691881031,0.7718905777530085,455.909434,0,0.003899,0.002,0.0012,,1,1,4.3,12451.0
icobeast,IcoBeast.eth🦇🔊,Legendary,1,1.0390752020160319,10629.545276,5,0.9880563691755292,0.7830132982129524,8547.887547,0,,0.0,,,0,0,,68934.0
Sanza,Sanza,Legendary,1,-0.11443921119220549,1358.797924,3,0.9401078983556449,0.6573307551647654,1123.051667,0,,0.0,,,0,0,,35373.0
shotguncaio,shotgun,Legendary,1,0.41114063099805165,4116.928066000001,4,0.9948082320030103,0.7104393096711067,2023.747254,0,,0.0,,,0,0,,40676.0
0xMelkoreth,Melkor.eth,Legendary,1,0.22688677570260823,2564.1615279999996,5,0.9577937128433561,0.694730637036729,1061.541444,1,0.009899999999,0.0017000000000000001,0.0006,,2,0,,20834.0
MatDefies,Mat,Common,0,-1.4100994724202565,114.02355299999999,2,0.6777423076240958,0.451642476840494,63.272399,0,0.006,0.0012,,,1,0,,24530.0
PoyoEB,Poyo,Legendary,1,0.22766032123594343,1382.753815,2,0.9400889018803669,0.96756336915422,1285.074455,0,0.0020999996,0.001,,,1,0,,41898.0
_matisei,Mati,Epic,2,0.19304444736203485,1552.546132,3,0.9609602633655802,0.826449717996896,909.518486,0,0.025,0.00129999,0.00129999,,0,1,59.6,7526.0
thebbz,thebbz 👷🏼‍♂️,Common,0,0.1950476230719807,1725.470217,4,0.9254483891419103,0.8512278555674346,,0,0.01,0.001,0.0005,,2,0,,1540.0
shivst3r,Shiv,Legendary,1,1.1608008251511397,11707.695404999997,5,0.9882931123853274,0.8140609443913513,5529.480653,0,,0.0,,,0,0,,51585.0
WEB3Eliza,Eliza,Legendary,1,0.380992553042984,1786.009056,3,0.9797223541669204,0.9086531711427313,1499.645588,0,,0.0,,,0,1,70.1,88161.0
AshleyDCan,Ashley,Legendary,1,-0.12588193184819205,3774.42895,3,0.9377507947970235,0.5203962015621678,3613.419054,0,,0.0,,,0,0,,190710.0
adamagb,Untamed Adam 🐺,Epic,2,0.01769983106459435,2324.724215,5,0.8798018477563238,0.7424312201285745,882.199423,1,0.004499999999,0.0018,0.0012,,1,1,91.3,9305.0
Scooter_420,scoot,Epic,2,-0.3717404183671261,2035.380714,3,0.850780040699305,0.6458602417519715,1784.530237,0,0.00144999999,0.0031,0.001,-0.0002826943235439648,1,0,,49322.0
T_A_K_E_N_1,Taken🎒,Rare,4,-0.3979507748166792,756.457438,3,0.9083377454165902,0.5557432032993789,504.9553,0,0.00144,0.0015,0.0009,,1,1,0.8,11619.0
RajPatel,Raj,Epic,2,0.9627643144943807,7811.977293999999,9,0.9470944960182391,0.7652123765870955,2627.74558,0,0.00399999999998,0.0031,0.0013,-0.00011624135262462943,1,0,,10248.0
monitalan,MonicaTalan,Mythic,3,0.8407784010011177,5275.428455,8,0.9873447884417388,0.7698466620309514,2102.415708,2,0.02,0.0118,0.01,-0.0025118513391471802,2,4,99.2,13564.0
THE_INKSOMNIA,Seinde,Rare,4,-0.4994676167824184,229.0351,2,0.7643405724498188,0.9169303018173329,84.359988,0,0.009899999999,0.0010999999999999998,0.0006,,2,1,29.7,10637.0
davidonchainx,david 🔛⛓️,Legendary,1,0.33904796264989506,2741.1970180000003,2,0.9898200231581642,0.8536628809492919,2056.472106,0,0.005,0.0006,0.0006,,1,0,,17088.0
bored_vic,Bored Vic,Mythic,3,0.054770626411685674,3922.584839000001,9,0.8591113677108012,0.5148791794891285,602.920018,3,0.00338999999998,0.0026,0.0009,-0.00024057375114408216,2,1,82.6,3830.0
KalkixWeb3,Kalki,Rare,4,0.07963826984225286,283.501336,1,0.9542605958002911,0.9369024694063451,,0,0.009899999999,0.0021,0.0007,0.00017677162375156932,2,1,17.6,842.0
Oxxyy13,Oxxyy,Common,0,-0.12236016721506106,900.397707,4,0.881522463471903,0.7663983490988157,431.576331,0,0.00999,0.0016,0.0008,,1,1,68.8,6616.0
loshmi,Loshmi,Epic,2,0.3944313780587638,3319.3632900000002,2,0.9864399311879019,0.8714939515946292,2776.15248,0,0.007,0.01649,0.00699,-0.0030304412554400502,3,0,,40298.0
merheb,merheb (streamer arc),Mythic,3,0.3888326026154266,2731.31655,7,0.9122044194586242,0.8104245976750554,758.860598,2,0.0119,0.0015999999999999999,0.0009,,2,0,,7380.0
AndrewAsksHow,Andrew Forte,Legendary,1,0.23196262885488692,1847.08743,6,0.9068203049900377,0.8092257976895803,1280.405571,0,0.009,0.0007,0.0007,,0,0,,38416.0
3liXBT,"3lixbt (🗣️,🤝)",Rare,4,-0.09526601316019914,2314.801644,2,0.9448814965669806,0.6613151324053176,2171.433817,0,,0.0016999999999999997,0.0006,-0.00010118586183144982,3,0,13.0,16590.0
zacxbt,zac.eth 🧙🏻‍♂️♦️,Legendary,1,-0.3164806401188155,1903.7808690000002,3,0.9374063704119834,0.4818487672180794,1758.051463,0,0.008,0.0,,,0,1,25.6,49969.0
BlueTigerX_,BlueTiger,Common,0,-0.18063499482855705,1235.406185,2,0.9386030229545314,0.6725087687083464,861.297835,0,0.0029,0.0013,0.0008,,1,0,,21902.0
Sinsonx,Sins,Common,0,-0.5536470740079427,1429.53603,2,0.8953259098147839,0.4877009553200402,1350.461895,0,,0.0073999999999999995,0.0007,0.004020862001969708,5,0,,9029.0
PenguinWeb3,Penguin,Rare,4,0.14923090293939162,2223.2514969999997,3,0.9657869757849621,0.7444179493154827,1821.361615,0,0.0099,0.003,0.0007,-0.00019481024047167929,2,2,30.9,19935.0
IdMintThat,Mick ➡️ ETH Denver ✈️,Legendary,1,-0.020224485644714713,2075.680851,4,0.9628127910718761,0.5781680975658829,1762.20697,1,0.003,0.0,,,0,0,,23942.0
m00des,andrazmode,Epic,2,0.37212113608429886,2892.594936,5,0.9484700498739731,0.8085667476452558,1419.342856,0,0.005,0.0024000000000000002,0.001,-0.00016893561762489453,0,0,,8145.0
HelloBenWhite,Benjamin,Legendary,1,0.3288545312504427,2276.412734,3,0.9783560694881679,0.8455926386149498,1945.018384,0,0.00209999999997,0.0026,0.0006,-0.0006879946670062225,3,0,,21583.0
BuzzMalx,Buzz,Rare,4,-0.830700832947407,164.348783,1,0.717037532764486,0.8421713677715945,156.913962,0,0.00559,0.0006,0.0006,,1,1,35.5,6927.0
ryannnsmit,Ryan,Common,0,-0.9729634271060835,233.04323,2,0.7835591350496187,0.5135913928730869,111.94535,0,0.00209989999979,0.005600000000000001,0.0011,-6.576570165808126e-05,3,0,,11886.0
D3TRIOTT,"DΞTRIOT | DGC 2.0🔺,♟️",Epic,2,0.3755365374822359,2267.371469,4,0.9664789074922397,0.8559822904500725,678.179291,0,0.00349999999998,0.0057,0.0013,-0.0003284008969320773,6,1,80.1,9570.0
Crypto_Zh0u,Zh0u,Epic,2,0.8452386069182147,6261.868103999999,4,0.9981941766558853,0.9093048156585379,2080.949545,0,0.00989999999997,0.0051,0.0035,-0.0016957738265189627,1,2,78.8,8932.0
kaitodan,kaito dan,Rare,4,0.1992550762309654,1747.9932450000001,4,0.9456402924359602,0.8035253278404353,901.989856,0,,0.0,,,0,1,28.9,11884.0
FourVork,Praetor,Common,0,0.059851088920947426,1656.915792,2,0.9707927216099348,0.7507666625255234,925.898251,0,0.0014,0.001,0.0005,,2,0,,6678.0
juliadziesinska,Julia,Legendary,1,0.2657357452580763,1083.41284,3,0.961013742690246,0.9070034401265993,834.54349,0,0.00898,0.0,,,0,1,57.0,48713.0
Hydraze420,Hydraze 🏴‍☠️,Legendary,1,0.9525480131946925,7324.343032999999,10,0.9658802967691809,0.6840656777739207,2789.320437,2,,0.0,,,0,0,,131460.0
weston_union,Weston Union,Rare,4,0.35727963671728596,2211.737823,5,0.9064096956912711,0.9385637034685008,1109.369724,0,0.009899999999,0.0101,0.0011,,1,1,0.3,2724.0
ChrisJourdan,Captain Zwingli 🍌🎙️,Legendary,1,0.16252188423571445,2376.5169530000003,4,0.9340027379135375,0.7696125275698805,1897.076287,0,0.009899999999,0.0011,,,1,2,46.0,40539.0
EscanorDz100,ESCANOR ⨀⚡️,Rare,4,-0.34051256201750313,881.90431,3,0.8330672012173679,0.7769006964751523,69.783995,1,0.003,0.0,,,0,1,39.6,2872.0
yulikay,Yuli Kay,Epic,2,-0.7948815744470561,539.78142,2,0.8525930498584292,0.4607854467230601,450.937957,0,0.01,0.0054,0.002,,0,0,,13754.0
Crypto_bn,Crypto 🔶 ₿N,Legendary,1,0.3695680790424961,2079.4509129999997,1,0.9950253750487982,0.9549390736220771,2075.355114,0,0.002,0.0026,0.0006,0.0008150269085995727,3,1,80.1,35645.0
SHWEPPS_,SHWEPPS,Common,0,-1.8435415755042257,170.72711300000003,2,0.6709812969115294,0.1393188090103933,,0,0.00399999999997,0.0038,0.0013,-0.00036998713955417026,1,0,,2042.0
ZhugeLyang,LuBu (privacy szn),Common,0,0.5402319528019028,2386.409013,4,0.9873119119192302,0.9219731547799209,1708.504833,0,0.0029,0.0022,0.0006,,2,0,,6288.0
mayamaster,ɱɑყɑɱɑεʂƚɾ,Common,0,-1.5045195736871642,75.798614,1,0.8261605631292881,0.07249478619046096,,0,0.0097,0.0032999999999999995,0.0008,-5.279872643320506e-05,5,7,85.7,16458.0
SirJoey,Sir Joey,Legendary,1,0.33981514796844114,2350.560465,2,0.9863130078668955,0.884546481860077,1791.917381,0,,0.0,,,0,0,,11122.0
JefferyCrypt,JΞFF🧸,Epic,2,0.13140202336015436,1210.0948939999998,1,0.9629022363504545,0.9031276789851869,1033.863966,0,0.0021,0.0036999999999999997,0.0015,0.0007058859291209428,4,0,,40582.0
parcifap,Parci,Epic,2,0.5748960193746704,3506.486642,5,0.9827556702797595,0.8426479638984385,898.959672,0,0.0098,0.0048000000000000004,0.0011,-0.001843786965185553,0,0,,25962.0
AnnieNFTT,AnnieNFTT,Common,0,-0.16693964538703016,1113.126385,4,0.9595453060268302,0.5293661983736049,707.710906,1,0.002999,0.0019000000000000002,0.0011,,1,1,70.1,7944.0
Tma_420,T.M.A,Legendary,1,1.2613165168862457,10636.278895000001,6,0.9838416257656261,0.9056550220900252,6318.626589,0,0.03989999999999,0.0,,,0,0,,48895.0
banditxbt,banditxbt,Legendary,1,0.8037049816230716,7567.15563,7,0.9607202676452713,0.7345393195139954,5586.939235,0,0.015,0.0,,,0,1,93.4,46197.0
LostSnow_Rin,Lost Snow (villain arc),Common,0,-0.6353722140587705,589.812264,2,0.8741344160704583,0.5249693017431497,526.255521,0,0.0025,0.0,,,0,2,63.7,7588.0
oxtochi,tochi,Legendary,1,0.9403618000786258,8734.066121000002,7,0.9764016769010775,0.7339316017215387,5478.801338,0,0.008,0.0013,0.0013,,1,1,88.2,71394.0
darkanft,D A R K A,Common,0,-0.8465679846307705,33.041158,1,0.6801508806320353,0.9281716736031975,,0,0.009899999999,0.0023,0.0008,-0.00010001512363156736,0,0,,1764.0
MrGreenity,MrGreenity,Epic,2,-0.0684536820422881,1563.745237,3,0.9274162137846491,0.7117006399221729,1271.071498,0,0.00699,0.0021,0.001,-0.0005030075161038431,2,1,78.8,10755.0
ToriRibolla,Tori,Epic,2,0.16258920561662707,1782.235828,4,0.8919883895214618,0.9058953065168349,1458.158759,0,,0.0034400000000000003,0.002,,1,1,49.9,6645.0
CrypSaf,SafZ,Legendary,1,0.32888000077185553,3806.6135839999997,2,0.9873535867910856,0.7929244884450859,3294.299885,0,0.1,0.0,,,0,1,88.5,32693.0
solfrater_sol,SolFrater,Common,0,-0.023924575679334814,201.70685600000002,1,0.9270248596631917,0.9305252160497522,,0,0.00099,0.0096,0.0008,0.0018119859986591915,4,0,,1728.0
0xBellinili,Bellinili,Rare,4,-1.2077049713764374,34.613278,1,0.6560634411476433,0.7158293346366195,,0,0.00208,0.0021999999999999997,0.0009,-0.00036826948744718093,1,1,15.6,1192.0
diegoarmandoAD,DIEGO,Mythic,3,0.3039913183839831,3511.474361,5,0.973410024878031,0.6617145534187874,1339.333991,2,0.00299999999998,0.0036999999999999997,0.0008,,1,4,95.9,18843.0
the_jujukey,JUJU ☀️·,Common,0,-0.9173774280832501,444.09439399999997,2,0.8225352997473714,0.44788304283561653,392.741387,0,0.003,0.0011,0.0011,,0,1,88.7,9354.0
0xSanixxx,Sanixxx (anarchy arc),Common,0,-0.5470305899879856,214.63942500000002,2,0.7880311949317851,0.8237685956494594,118.1884,0,0.00499,0.0005,0.0005,,1,1,81.6,3513.0
zaimiri,zaimiri ✏️,Epic,2,0.39347789463691385,3563.4945850000004,6,0.9613121239973569,0.7014294048814026,1931.970317,1,0.005,0.0029,0.0012,-0.0005725298594942436,1,0,,55712.0
Kaffchad,Kaff 📊,Legendary,1,0.16720940582158061,4528.233466,6,0.8819940575061048,0.6726889237186536,3379.639208,0,0.009899999999,0.0010999999999999998,0.0006,,2,1,9.0,19822.0
yonann,Yonan,Common,0,-0.5770288604975603,861.744769,2,0.8217067084103367,0.6825455217404501,752.569879,0,0.00999999999997,0.0005,0.0005,,1,1,89.3,4997.0
gomtu_xyz,Gomtu,Legendary,1,0.5973183233924382,5361.84219,4,0.9947347422023443,0.781433931738681,2544.458474,0,0.0099,0.0005,0.0005,,1,1,95.1,14859.0
CreateWithTony,Tony,Common,0,-0.16984876650007774,478.749202,3,0.9483787120836039,0.6442245660365228,,1,,0.0006,,,1,1,73.1,2203.0
Kudabajingan,Kuda 🐴,Rare,4,-0.7245374978154451,627.077053,2,0.784797428029242,0.6753947262048563,572.160724,0,0.00209999999999,0.0032099999999899995,0.0012,-0.0003940740754003687,3,1,19.2,7040.0
Jackhaldorsson,Jack Haldorsson,Epic,2,0.07632378690511485,1270.159606,2,0.9595343879934812,0.8122856442562025,928.196431,0,0.0098,0.0056,0.0011,,0,0,,11602.0
Bellerophontis2,NancyNik,Epic,2,0.27573711280755137,2402.677713,5,0.9549100803793034,0.7474997430371417,1677.389424,1,0.004,0.0031,0.0013,0.0006345174224184039,2,1,96.4,10212.0
adriadri,Adri 💜,Common,0,-0.9795141081437813,0.0,0,,,,0,0.005,0.0031999999999999997,0.0011,-0.0005863374354934279,2,1,92.1,
matchayuma,oatmilk (iron man arc) 🍵🌸,Common,0,-0.25503115140619653,688.3976089999999,4,0.8894665284612727,0.6589302693060803,248.544021,1,0.009899999999,0.0,,,0,0,,7942.0
edoweb3,edo,Common,0,0.4367167107846356,2860.1914420000003,4,0.9878496685720173,0.8165403450084902,1266.152239,0,0.00499898,0.0015,0.0005,,2,1,92.8,5141.0
defidarling,sara,Epic,2,0.13356738659361952,922.846352,2,0.97409706557128,0.8388132904274891,903.202952,0,0.009899,0.0012,0.0012,,0,0,,90029.0
CasperOnChain,Casper (Vacay Arc),Rare,4,0.15347575615957887,1593.2763400000001,2,0.9657507888369872,0.8370600313679573,832.397588,0,0.007,0.0010999999999999998,0.0006,,2,1,20.7,17847.0
cartist00,CARTIST,Epic,2,0.028072126320229318,1328.4859000000001,2,0.958688595768667,0.7748579761456038,1059.087244,0,0.008,0.0011,0.0011,,0,1,84.1,36299.0
iMithrandir_,iMithrandir 🪄,Rare,4,-0.10368561288197516,1621.385605,3,0.898942097841758,0.7519838332476875,1151.645554,1,0.004,0.0008,0.0008,,1,3,8.7,3994.0
Nxtlvl,NXTLVL👑️.eth | Polygon Labs,Common,0,-0.3864903339437853,892.0533330000001,2,0.9098298265958203,0.6075459610826883,813.687317,0,0.04,0.0005,0.0005,,1,0,,9092.0
DoggfatherCrew,Doggfather,Common,0,-0.5407533780358577,360.54342999999994,2,0.8449033128482512,0.6806425956481104,257.652519,0,0.002,0.0016,0.0008,,2,1,62.4,23887.0
CryptoUsopp,Usopp,Legendary,1,0.6930438754007244,4061.1876240000006,6,0.9569482646827724,0.9096808419924177,2331.259736,0,,0.0,,,0,1,78.8,46794.0
DWDrummer_eth,DWdrummer,Common,0,-1.4014704323507614,173.046052,1,0.8500697971427723,0.08580160675080367,,0,0.0035,0.0019000000000000002,0.0011,,1,1,48.3,5261.0
zera_chielo,Zera | ∑:,Epic,2,-0.6807683146489971,296.586073,2,0.8202841415720672,0.6394471970932567,151.699976,0,0.07,0.006900000000000001,0.003,-0.0004761557718357155,2,1,64.5,13516.0
Carlitoswa_y,Carlitosway,Legendary,1,0.31128356128392587,3683.9719950000003,5,0.9561028116720738,0.7001441625087994,2461.256136,1,0.008,0.0012,0.0012,,0,3,97.7,31206.0
mariannehere,Marianne,Epic,2,1.1474005996241385,10217.690975,6,0.9917261668958535,0.8239006608996823,3285.172675,1,0.0249,0.007,0.007,,1,1,98.7,42517.0
MadMaxx_eth,"MadMaxx (∎, ∆)",Mythic,3,0.4920997719070379,6211.078045999998,8,0.9292550183977157,0.5985532459077918,1681.637971,3,0.0035,0.0015,0.0008,,2,6,97.4,13559.0
Deebs_DeFi,Deebs DeFi 🛰,Legendary,1,0.6838329281126347,5046.065181000001,8,0.969917219613045,0.7074389724427301,1644.486621,0,0.099,0.0,,,0,1,95.1,53028.0
TheCryptoProfes,The Crypto Professor,Mythic,3,1.1219287632410617,7410.195874,11,0.9784166248738504,0.7214230151977497,2003.973882,3,0.05,0.0051,0.0025,0.0010938103654794316,2,0,,18895.0
0x_degenola,Ola,Rare,4,0.28257515170841047,1798.2376429999997,5,0.9621705272494406,0.7683604143037837,624.796959,0,,0.002,0.0012,,0,1,0.3,11332.0
VideHaldorsson,Vide Haldorsson,Common,0,-0.04623931166317574,747.691793,1,0.928236015838492,0.8804615173544329,727.950264,0,0.00189999999999,0.0018,0.001,,0,1,95.4,4227.0
Riowgmi,Rio👾,Common,0,-0.6396866125714963,932.653984,2,0.7682751312983294,0.7628019741326375,901.256366,0,0.005,0.0008,0.0008,,0,0,,6875.0
jade_defi,Jade 💋,Epic,2,0.2050425888157652,1854.614397,4,0.9479619409656319,0.7962507337790223,1065.847234,1,0.005,0.0061,0.005,,0,1,90.3,20148.0
Crypto3Rain,Rain,Common,0,0.0668887551522055,2304.854964,5,0.9255438315593514,0.6681116839353004,1001.814251,1,,0.0,,,0,1,90.3,9553.0
elenionchain,Eleni,Legendary,1,0.1195172168600314,1754.20423,7,0.8972599697127536,0.6989729965377188,1141.095879,0,0.00989999999999,0.0,,,0,0,,9868.0
pawnie_,Pawnie,Mythic,3,0.7252424091434637,4860.41186,15,0.881673059521716,0.5850135017438423,1031.172716,1,0.0496,0.0045000000000000005,0.004,,1,7,99.2,12168.0
swandogs,SWANNY 🔺,Legendary,1,0.21170809000339794,1096.179334,3,0.9577298474861738,0.8737547953569877,864.81159,0,0.0149,0.0013,0.0007,,1,0,,23379.0
0xchainBob,bobby,Legendary,1,0.1577253006293659,1795.389576,2,0.9775927987895703,0.7999344528371293,1256.910695,0,0.0098999999,0.0,,,0,3,76.7,14091.0
pukerrainbrow,Pukerainbow 🤮🌈,Legendary,1,1.2864733795228578,10908.644021000002,10,0.9619446594269968,0.7457094949947091,2782.375407,0,,0.0,,,0,0,,80176.0
cabenX,Caben,Epic,2,0.3242075703197732,4230.34502,7,0.9345879680715357,0.6236187766973592,1117.657613,1,0.003,0.00629999999999,0.00299999999999,0.0009246750240593715,3,0,,9584.0
Danny7xEth,danny7x.eth,Rare,4,-0.5724712950637496,189.145222,2,0.8884842047069799,0.5592346748814186,,0,0.0022299999998,0.00553,0.00223,-0.0015824109878563623,1,1,36.1,7034.0
nftriles,Riles,Common,0,-0.012582476853948421,1469.444904,5,0.8665364976765788,0.7997535694410118,306.207086,0,0.0023,0.0022,0.0008,0.0002084490720113501,2,1,76.2,10164.0
dreweth,Drew,Legendary,1,0.3325180770196448,1898.541779,1,0.9909542133734872,0.947139421084137,1744.803044,0,0.009,0.0,,,0,1,60.9,10299.0
KierianV,Kierian,Legendary,1,0.661520749389528,4925.318668999999,4,0.9969895143504326,0.8483876452876181,2023.548888,0,0.0075999,0.0006,0.0006,,1,1,98.7,17808.0
morsyxbt,Morsy,Common,0,-0.6104450626233848,1636.547472,2,0.9032811601560773,0.41396858575218054,1564.383914,0,0.00498,0.0,,,0,0,,10260.0
walsxbt,Wals,Legendary,1,0.9936579919683088,10510.243000000002,10,0.9276585334514778,0.6319874742174816,2985.522687,0,0.03,0.0,,,0,1,98.2,30025.0
ripchillpill,Chill Pill 🔮 (Bald),Epic,2,0.20032779933355885,3785.5953759999998,6,0.9349756774814496,0.6086325204523235,1862.82243,0,0.02,0.0238,0.02,,1,1,73.4,98696.0
0xkekov,kekov,Epic,2,0.32428259969336215,3282.926963,3,0.9711293176988303,0.8040276641184573,659.126986,0,,0.0075,0.007,,1,3,86.4,5044.0
anda765,Anda ☀️,Epic,2,0.42172568594973464,3063.2252959999996,4,0.989080686882212,0.7909745934765484,1153.71424,0,0.0098999999,0.0011,0.0011,,0,2,87.7,5924.0
jessyfries,jessyfries,Common,0,-0.9623048787848149,529.918576,2,0.8185185185185185,0.41921873148078537,479.90696,0,,0.0014,0.0007,,1,0,,8291.0
xerocooleth,xero 🎮,Legendary,1,0.2315304337809938,4936.621420999999,7,0.9125399911329913,0.5689195953768493,2633.644668,0,0.007,0.0005,0.0005,,1,0,,71170.0
ryandcrypto,ryandcrypto,Legendary,1,0.6019095624709679,4318.1675510000005,3,0.9587640620591543,0.9856028455577505,2980.187747,0,,0.0,,,0,0,,233956.0
Jai0xCrypto,"Jay.eth, CFA",Common,0,-0.011439672662133797,1659.0962959999997,2,0.9573870975392902,0.7300008695181248,1479.072817,0,0.0021,0.0016,0.0008,,2,0,,18009.0
defi_explora,m0h,Common,0,-0.6136066068000499,256.450249,1,0.7842953544141431,0.8349699017195376,256.370792,0,,0.0,,,0,0,,18419.0
bitrusxbt,bitrusxbt,Rare,4,-0.8416191002254576,292.200983,2,0.8205190711676277,0.5182131644786946,,0,0.0098999999,0.0092,0.0009,0.0015021659990668399,3,1,3.3,2011.0
dazzlercoin,bewise,Legendary,1,0.9485971977592298,5997.257856,9,0.9706102726112277,0.7975428720168456,2042.9834,0,0.02,0.0,,,0,1,98.5,21049.0
BR4ted,₿🧞‍♂️,Legendary,1,0.8223420322901931,6233.59416,7,0.9477750033960435,0.8544005829747962,4241.449911,0,0.05,0.0,,,0,1,99.5,52404.0
R2D2zen,R2D2,Epic,2,0.536326041812781,4658.106921,4,0.9970365742610928,0.7690086077639873,1999.468014,1,0.025,0.0335,0.0175,,1,2,99.7,14063.0
vikktorrrre,Veee,Epic,2,0.49990066572850955,3027.5311789999996,5,0.9615939724710483,0.8648700905479249,1215.346159,0,0.0098999999,0.006,0.002,,1,0,85.7,4689.0
lechriss17,lechris,Common,0,0.1279981084798041,1789.3763599999997,4,0.9480790745560754,0.7416762667879937,999.443316,1,0.0099,0.0007,0.0007,,0,1,82.6,7425.0
mhknft,mhk 發,Common,0,-0.42195956621626624,677.391769,2,0.9106382896890186,0.5908185950527507,452.449542,0,0.0048999999,0.00879999999999,,-0.0014603282525150335,0,0,,92085.0
treeonchain,tree,Legendary,1,-0.2645336119090521,921.7426529999999,3,0.8181823771187829,0.8683709088118431,796.808678,0,0.1,0.0015999999999999999,0.0006,,2,0,,33710.0
MalayAhmad,Ahmad Malay 💎🔊,Common,0,-0.13632082168495654,1921.6059229999998,3,0.8756155326645917,0.7681015091243281,,0,0.0021,0.0,,,0,0,,2558.0
Defi_Scribbler,Scribbler,Legendary,1,0.2267632321468068,3154.6955349999994,7,0.9453956352735409,0.5835451215151206,934.346514,1,0.035,0.0,,,0,1,98.0,22853.0
man_versus_coin,Man Versus Coin,Mythic,3,0.336559952329058,5551.622647,8,0.916152337858747,0.5504556701672538,1206.782114,4,0.0149,0.004,0.004,,1,4,100.0,3109.0
jyp_nft,JYP,Common,0,-0.5843623901887862,999.570425,2,0.8948616140501124,0.4896286770534936,942.137167,0,0.0049,0.0015,0.0008,,2,0,,20638.0
mountalba,mountalba,Rare,4,-0.5278737522888854,292.854143,2,0.8109877348054729,0.7774171349499932,171.085145,0,,0.0017499999999999998,0.00115,,2,1,28.6,5344.0
Kaiz_294,Kaiz,Legendary,1,0.3089410605949866,2094.025076,6,0.9549967934778208,0.7349975598635622,988.936421,1,0.009899998,0.0,,,0,0,,9670.0
Elminselimov5,el1000.mega | ∑:,Rare,4,-0.6886996436203351,823.845292,2,0.8803683169476181,0.4565747630612189,675.866945,0,0.0098,0.0064,0.0011,-0.0001513481956833117,5,1,42.5,8935.0
yvohvn,yv,Common,0,-0.035941936314448863,202.030832,1,0.9352817131485937,0.9011863458527704,,0,0.003598999998,0.0051,0.0008,-0.0002659982440964392,7,0,,849.0
Love2Ideate,Ｒ��ｃｋ 🪨💡,Common,0,-1.410275278056744,71.35487700000002,1,0.8672072232617541,0.04272081047513863,,0,,0.0011,0.0011,,0,2,97.7,8273.0
Febers4,Tat Thang,Mythic,3,0.5617547252636486,4857.190696,7,0.9571292813967691,0.7119740628738204,1694.834204,2,,0.0,,,0,1,82.9,8406.0
holly_web3,Holly,Legendary,1,-0.04780498276521583,3065.0174519999996,3,0.8445685846522327,0.8474326337731801,2100.701971,0,0.01,0.0011,0.0011,,0,0,,51890.0
MedusaOnchain,Medusa,Legendary,1,0.3117023842464083,2028.1267910000001,3,0.9863416261555488,0.826864753084568,1575.084161,0,0.1,0.0,,,0,1,98.7,11296.0
Sonika_KK,Sofia,Common,0,-0.21929219011588374,122.32542600000001,1,0.9064718286851406,0.838590407927168,,0,0.003,0.0033,0.0011,-0.000515501578968595,1,1,66.0,2675.0
AtnsXBT,AtnsMDX,Epic,2,0.3862469902064032,2891.137815,3,0.987946592029357,0.8310332112587141,1274.431075,0,0.004,0.005,0.005,,0,0,80.8,12376.0
Oxydo11,Maragkos Petros (MDX),Epic,2,-0.3331340251140868,687.393836,2,0.9084226230349588,0.6624713807081858,565.271718,0,0.009899999999,0.00558,0.00118,7.325398150952258e-05,4,1,85.4,7435.0
XammieCrypt,XAMMIE💎,Common,0,0.04045751767377645,2926.860755,3,0.9701432255501591,0.6128894610762877,2050.197579,1,0.0035,0.0026000000000000003,0.0007,-9.981958184795156e-05,2,0,,11711.0
Dashke,Dashke,Mythic,3,0.2804443552086961,3549.0020910000007,9,0.948499311577768,0.48560610719276365,1027.416068,2,0.0017,0.0016,0.0011,,1,1,99.2,9664.0
WYdaGOAT,Kenny Wy,Epic,2,-0.04704390444285566,2312.919276,3,0.9147629681542631,0.717286536763677,1327.677791,0,0.00899999999997,0.0035900000000000003,0.00119,-0.0003107697325070184,1,1,97.7,20909.0
lizmoneyweb,Lizzie,Mythic,3,1.942081637886398,14280.055781999998,13,0.9888525419153525,0.8220217811806039,2355.076502,2,0.05,0.014,0.014,,0,2,100.3,11048.0
coinempress,vana,Epic,2,0.04513423692253729,1395.736976,2,0.9589457757504235,0.7833163882069865,1198.596777,0,,0.00449999999992,0.00279999999992,-0.0013126131489696298,2,0,,5896.0
Naeven_,Naeven,Rare,4,0.009969785527796371,1072.183043,2,0.9439403622784744,0.8117212146453661,700.013627,0,,0.0,,,0,1,20.5,3194.0
Xeer,Xeer,Legendary,1,0.759538266322321,9249.175916000002,4,0.9465272415015799,0.8059755457956053,7619.101558,0,,0.0,,,0,0,97.7,62037.0
triples_eth,TripleS,Rare,4,-0.13736280938750683,1434.9458,3,0.847145827254928,0.8642938123446062,1315.946035,0,0.007399,0.003839999,0.001,0.0006264777132585849,2,3,49.1,4545.0
0xAmne,Amne,Common,0,-0.30595013268395316,344.280834,1,0.8347219898499805,0.9374315039564474,344.280834,0,0.001399,0.0051,0.0006,0.0037302539417103466,2,0,,18571.0
enftsar,ensar ✳️,Rare,4,-0.535104862248011,1574.3260890000001,4,0.8588666094396863,0.47441656504832214,740.653153,0,0.003999,0.0057,0.0008,-0.00013895172400154324,8,1,0.3,6513.0
Jonasoeth,Jonaso,Epic,2,0.3804465971946382,2472.185006,1,0.9971446098934805,0.9361022431912175,2470.206622,0,0.00299999999998,0.0034000000000000002,0.0011,-0.0006614713022581411,4,0,,5048.0
xFactorPOL,xFactor,Common,0,-0.8469177186445739,422.407691,3,0.7778932417259125,0.557354906439096,336.545975,0,0.00378999999999,0.0015,0.001,,1,0,,6749.0
aibra,Aibra,Common,0,0.1647944668005646,2745.1522299999997,4,0.9462246728565138,0.7208214979369953,1405.550663,1,0.0025,0.0016,0.0008,,2,1,62.1,7688.0
0xrif0,RiF0,Common,0,-0.9776076963903308,12.903563,0,,,,0,0.0099,0.0013,0.0008,,2,0,,1796.0
0xxNathan,Nathan,Legendary,1,0.24916052114614484,3295.817879,3,0.9698387836657294,0.7500189377251026,2005.347849,0,0.00499999999999,0.0033,0.0006,-0.00014598801587914075,3,2,92.6,24547.0
AnIdiot,AnIdiot,Mythic,3,-0.3267434601047371,2003.000395,5,0.8372408415356045,0.605979265504021,1141.948656,2,0.0194,0.0015,0.001,,2,6,97.7,10103.0
0xmani,MANI,Epic,2,0.5089204150389959,2834.928376,3,0.9940833646902313,0.9112802652686222,2060.122014,0,0.00398,0.0019,0.001,,0,1,85.9,10891.0
Drewfromweb3,Drew,Common,0,-0.22515747532183106,514.805426,1,0.8709497518264459,0.8996726505082305,449.282506,0,,0.0014,0.0014,,0,0,,6379.0
AlphaWolfPRMR,AlphaWolf,Common,0,0.13817697354196906,2353.325455,4,0.9338779441368457,0.7529084875453036,1105.475106,1,0.0021,0.0010999999999999998,0.0006,,1,0,,6141.0
sirceen,ceen,Common,0,-1.1281702067163155,266.770866,2,0.7761640139906252,0.4132315210148066,216.064479,0,,0.0067,0.005,-0.0035481963693280096,2,2,81.8,12590.0
0xTJustin,JuStin (Creator arc),Epic,2,0.8916382823482328,5588.554934,12,0.9537328115979609,0.6557425191960733,1341.056467,0,0.00209999999997,0.0027,0.0011,-0.0006036181811237588,1,0,,5506.0
Shivfreespirit,Shiv ✍,Epic,2,0.21543183496707696,4010.1764290000006,4,0.9534972480595106,0.6707730347629138,1667.271185,1,0.00478999999999,0.0017000000000000001,0.001,,0,1,93.9,13002.0
Meta_ZET,ZET 💪❤️,Common,0,-0.30286544068410676,1662.0667640000001,5,0.8866766583981439,0.5213858121318266,770.486609,1,0.025,0.0018,,,1,4,99.7,6842.0
0xTama_,Tama,Common,0,-0.9833663792974537,181.144292,1,0.8817606700525706,0.3217424291313323,,0,0.003,0.0,,,0,0,,5336.0
doc_noonoo,doc_noonoo,Common,0,-0.574742968528015,207.255983,1,0.7497852880486309,0.9517086257322763,201.265405,0,0.00898999999999,0.0021000000000000003,0.0011,,0,0,,5080.0
kaitoxbt,Kaito,Epic,2,0.1959805365583593,2191.236198,3,0.9744931658412538,0.7599416301544263,1521.189151,0,0.00579989999999,0.0034999999999999996,0.0011,0.0003663759194561605,2,0,,12059.0
BawsaXBT,BAWSA,Legendary,1,0.5710769581186287,4929.004436,7,0.9534918047251838,0.7239313446812146,2275.843347,2,0.007,0.0,,,0,1,40.7,32829.0
heycape_,Cape 👊,Legendary,1,0.43639975526670605,4128.702056,3,0.9906673702306646,0.7933296126363585,2623.224437,0,0.005,0.0011,,,1,1,94.4,52959.0
greenytrades,Greeny,Mythic,3,1.837875062309203,16454.923690999996,10,0.9750245760297958,0.8200683563039626,3776.444449,2,0.0248,0.0014,0.0014,,0,0,,43093.0
whemohere,whemo,Common,0,0.16834912120326292,2494.0333350000005,5,0.9861550706884694,0.5849378600088965,,2,0.0016,0.0017000000000000001,0.0006,,2,0,55.0,1204.0
apurvajain24,Apurva Jain,Common,0,-1.1724253344569586,205.035613,2,0.7623386882581612,0.4173666465031145,152.844016,0,0.002098,0.003,0.001,-0.000363579406542214,3,0,,8677.0
WithEsibe,Esibe,Common,0,0.286664616274156,2612.2762049999997,5,0.9639349013496143,0.7219001440863775,395.765358,1,0.0055,0.0,,,0,1,92.3,5859.0
Tuteth_,tut™,Legendary,1,1.226745977532668,10126.569162,8,0.9609873063089489,0.855360585796868,2474.71491,2,0.033,0.0,,,0,1,98.2,25098.0
FFVV1211,FFV,Epic,2,0.9254607844750403,7461.451865999999,5,0.984639341807814,0.8819187952121486,5832.770132,0,0.00688,0.00978,0.00688,0.006437632257395286,1,0,,70731.0
waleswoosh,wale.moca 🐳,Legendary,1,1.7922445449034936,15498.440375999999,12,0.9580862632270112,0.7717311086841065,8216.797471,0,0.09,0.0,,,0,3,99.5,172546.0
Aurelius_1988,Aurelius 🐐,Epic,2,0.7396074208492904,6277.349549999999,6,0.9325149104741789,0.8816653793487251,1219.348767,1,0.0044,0.0029000000000000002,0.0011,0.00024083551569658386,3,0,,6316.0
beijingdou,Josh Ong,Mythic,3,3.1972196476558183,19691.714547000003,30,0.9405921479919755,0.6590012811048435,2476.502586,10,,0.001,0.001,,1,4,96.7,139776.0
Deviled_meggs_,Deviled Meggs,Epic,2,0.1061886659036943,1591.688991,2,0.9711445171582596,0.7883526130516012,1134.108774,0,0.0021,0.002099999997,0.002099999997,,1,0,,40410.0
DaSpookyMan,Spooky,Common,0,-0.4674394697757205,886.4869699999999,2,0.9205403600135129,0.5206939213124042,770.496642,0,0.002,0.0016,0.0008,,2,0,,7206.0
wilson_,WILSON,Rare,4,0.11554828495198255,3223.8902199999993,4,0.9727672994303822,0.5920060827122757,1118.93118,1,0.002797,0.0031,0.0008,0.0001547411511251573,4,1,18.4,158394.0
_Craig_,Craig,Common,0,0.016833007654931363,1552.082358,5,0.9348448564889082,0.6494313150823585,479.282852,2,0.003,0.0010999999999999998,0.0006,,2,1,98.7,22205.0
huseyin1tekin,Sennin,Epic,2,0.42762023416604134,3088.2768980000005,3,0.9920012381790193,0.8412217701702515,1278.704912,0,0.04998,0.009,0.009,,0,5,100.5,44231.0
krpisoweb3,krp,Rare,4,-1.076545712208402,365.330696,2,0.748616653322624,0.5142494130873763,337.519213,0,0.0035,0.0019,0.0009,-0.00041978391834366686,2,1,19.4,4597.0
molusol,molu,Epic,2,-0.07974886638833545,2339.4488069999998,2,0.94476852626426,0.6718873574680346,2225.250122,0,0.00489899999999,0.00169,0.00119,,2,0,,13644.0
CryptoVonDoom,VonDoom ☕️,Mythic,3,1.565531135971152,9597.036074999998,15,0.9574562146676823,0.767392979429687,2607.273115,3,0.02999,0.0,,,0,0,,195157.0
ilodiwow,ilodi wow,Legendary,1,0.19045731803396146,2901.500194,4,0.9771964281379015,0.655327342403095,2234.299446,0,0.015,0.0005,0.0005,,1,0,,91992.0
hyperstrike,Hyperstrike⚡️,Epic,2,0.14665450308835512,1006.0424899999999,1,0.9602030003903854,0.9325541234146396,999.297769,0,0.0245,0.00415,0.0015,-0.0005744004018596248,2,0,,5381.0
tdkimber,💎tdk💎,Mythic,3,0.8321855309013739,5278.356318000001,11,0.9151760832484687,0.7774027931694637,2024.155764,1,0.005,0.0049,0.0049,,1,6,99.0,5255.0
DjaniWhaleSkul,Djani,Mythic,3,1.099846806913987,9943.187104999999,8,0.939449448465601,0.823083101557275,2551.119583,1,0.012,0.01599,0.00899,,1,5,100.5,9606.0
RealDuckMaster,duckmaster.eth,Legendary,1,0.09472840567734028,3439.867927,5,0.8836366388712248,0.7289882759375816,1545.187538,0,0.01,0.0,,,0,5,99.2,19470.0
jennn_sol,jennn,Common,0,-0.4784270665974797,943.666796,3,0.8648143706238914,0.5918033789730744,507.579719,0,0.015,0.0019000000000000002,0.0011,,1,0,,11695.0
byshagrath_,Shagrath,Common,0,-1.3512404223969074,127.86588600000002,1,0.900531646321542,0.00207255924977336,,0,0.0025,0.0005,0.0005,,1,3,90.8,7452.0
Daco1008,Daco,Common,0,-0.3870169946449846,459.79586800000004,2,0.8436639087553801,0.7937299502850537,174.134221,0,0.0017,0.0010999999999999998,0.0006,,2,1,64.7,10945.0
theagnft,ag,Epic,2,0.09238274655450121,2604.0201819999997,9,0.8965186969148797,0.5244464363873179,1275.067609,0,0.0013,0.0031,0.001,-0.00027871379796781426,2,0,,13875.0
depressivehacks,depressivehacks,Common,0,-0.47853131400375953,666.305558,2,0.8915070349494262,0.595921370772449,571.082143,0,0.0042,0.00407,0.00117,0.0004060944772801826,4,0,,5805.0
NF_Janner,Janner,Common,0,-1.9864821044855328,46.486746000000004,1,0.6851406338174582,0.05837108023522296,,0,0.009899999999,0.0005,0.0005,,1,0,,4148.0
thejasich,jasich.eth | collab manager,Common,0,-0.5444989825224665,643.041619,2,0.9017003665177988,0.5225833295115443,525.107249,0,0.00189,0.0012999,0.0012999,,0,0,,21216.0
craigscoinpurse,craigscoinpurse,Legendary,1,0.25216684499212805,1811.2875999999999,3,0.9589257099905196,0.8615206949027353,1155.483975,0,0.0214,0.0,,,0,0,,24909.0
chesus,CHESUS🧀,Mythic,3,2.129663450781746,21396.920372,13,0.9301823978375986,0.7120177354641051,1983.489933,5,0.0999,0.0,,,0,3,99.7,61179.0
nftboi_,NFTboi 🥷,Common,0,-0.24527587114192861,683.3883500000001,3,0.8915864318257593,0.7157156950364133,501.960612,0,0.00149,0.001,0.001,,0,0,,111977.0
beausecurity,Beau,Legendary,1,0.12058175709277744,4782.8622110000015,3,0.9544659895866099,0.6085817446851656,4451.614239,1,0.02,0.0015,0.0015,,1,0,,30693.0
Senti__23,Senti 🪄,Mythic,3,0.39392136482962553,4566.7375090000005,5,0.9520464193806571,0.7232096304143054,1418.387519,1,0.007,0.0012,0.0012,,0,4,100.8,2728.0
what3verman,✨whateverman✨🎙️,Epic,2,0.2986222001154949,2983.995649,2,0.9883625844579615,0.8133776445020613,2453.894942,0,0.006,0.0072,0.005,-0.0005441057100851528,2,0,,49650.0
OGLemur,Lemur,Rare,4,-1.5088829342394254,159.14061099999998,2,0.6333450619415768,0.48397920215973106,,0,0.0098999999,0.0018999999999999998,0.0008,-0.0001686319489102534,3,1,0.3,6079.0
ZKernaut,ZK-Messirve ✳️,Common,0,0.15832797113405803,455.08469599999995,1,0.9686147186147186,0.9512508563557935,,0,0.00148,0.005299999999999999,0.0009,-8.698641659062583e-05,4,1,90.8,1328.0
chefgoose,Chef Goose,Rare,4,-0.8864353780394927,606.1089000000001,2,0.8157044960129197,0.47892857673289674,433.877716,0,0.00259999996,0.002,0.0007,6.335977825740678e-06,2,1,3.8,10969.0
ProofOfEly,Ely,Mythic,3,3.2733350498178617,30073.826631,17,0.9885672474420408,0.7288632269187438,4482.970846,3,0.15,0.0,,,0,1,98.7,43279.0
camolNFT,camol,Epic,2,1.0895478388857547,9697.200521,9,0.9400746697537208,0.7730801628285259,6091.253603,0,0.01,0.0072,0.006,,2,0,,70161.0
Jackkk,Jack,Legendary,1,0.05870440517553982,3447.765191,3,0.9477186034933552,0.6527821617409307,3319.68552,0,0.009,0.0,,,0,4,94.9,33261.0
PixassoHQ,Pix 🎨,Rare,4,-0.34240852094295093,671.962713,2,0.9160078741909669,0.6377191397975126,540.785911,1,0.00629899999999,0.0007,0.0007,,0,1,22.0,8191.0
Napoleecrypt,Napolee,Common,0,0.04793502518240394,1295.41038,5,0.9202089042372403,0.7230226229185279,947.792165,0,0.005,0.0,,,0,1,70.3,6255.0
Rakermoon,Moonraker,Mythic,3,0.8558463353065907,4918.837946,13,0.9125184825117032,0.7129113045226482,1141.842843,2,0.04,0.0,,,0,1,99.2,11818.0
coperto_xbt,Coperto,Common,0,-0.34381858244236013,100.469417,1,0.8980961715524667,0.7667863782311779,,0,,0.0,,,0,1,83.6,2435.0
GMB_AOB,GMB,Mythic,3,-0.2789406556788798,3334.7914390000005,5,0.8820241369094729,0.45792386896791326,2077.731556,2,0.00799,0.001,0.001,,1,1,98.7,6434.0
0xleegenz,le.hl,Legendary,1,0.26711371698997277,3087.778813,4,0.9061108354886336,0.8772691468365335,2401.325004,0,0.009899999999,0.0013,0.0008,,2,0,62.7,13279.0
TheAntAcademy,The Ant Academy 🎓,Mythic,3,0.5051951903034151,3830.786279,7,0.9255975621075533,0.8039303133652235,1769.655455,1,0.015,0.0041999979,0.0008,0.0003502049287040812,4,2,98.7,12022.0
xxCJ78xx,CJ78,Mythic,3,0.16873823971760674,2919.0983020000012,8,0.9246285796927347,0.5496569143616179,326.249106,4,,0.0018,0.0008,-0.0002872494320475429,3,0,,5156.0
FogoNPC,Fogo,Mythic,3,0.7060487318071053,8624.315318,9,0.9151467614889955,0.6056531551069352,1443.346582,3,0.00989999999999,0.008,0.008,,1,5,95.7,10060.0
TMoneyy,TMoneyy,Common,0,-0.3776998558839784,1563.93436,4,0.8746766767108074,0.5544562547760841,297.953367,2,0.02,0.0021000000000000003,0.0005,,2,2,64.7,17317.0
Aizcalibur,Aiz,Epic,2,-0.5982988759550025,573.8957660000001,2,0.8715514410177285,0.5600652189016836,425.014469,0,0.0099,0.0031000000000000003,0.0012,-0.0003500465446007241,1,0,,24430.0
hankisinvesting,Henry,Common,0,-0.39145829168762797,1327.442072,3,0.9462595482020569,0.43574045692861735,1136.348747,0,0.0097,0.0018,0.0007,-0.00010131886122578832,3,1,95.9,7197.0
Rempo1,Rempo,Mythic,3,0.6669444304140393,4043.5915400000004,13,0.9235373912424438,0.5924491702342052,1677.528835,2,0.009899999999,0.0052,0.0008,-0.0003051095354882176,6,0,,10632.0
quan_eth,Quan,Legendary,1,0.27468497750749576,3858.1409209999997,6,0.9595455586779033,0.600121848539562,1688.22245,1,,0.0013,0.0008,,2,1,85.2,23622.0
PopPunkOnChain,Pop Punk,Epic,2,-0.29799200552732463,2257.66212,2,0.9262369094299541,0.5579252665309865,2194.797576,0,0.00989999999999,0.010700000000000001,0.0097,,1,0,,31106.0
Teacher96_Katie,Teacher96-(Katie),Common,0,-0.8729620419622863,359.598099,3,0.8145315337925446,0.45124111352574525,158.727207,1,0.024899999,0.0,,,0,2,100.0,8940.0
ProofOfTravis,Travis 💡,Mythic,3,1.181427634214697,9104.352432999998,14,0.9161196175748472,0.6619988960282901,2654.874105,3,0.011,0.0,,,0,1,98.5,33235.0
GuigsLuke,Guigs,Epic,2,0.6018809388049692,3184.9785769999994,5,0.9892090526594352,0.8649251763906479,1223.814731,1,0.01099999999997,0.0044,0.0035,,0,1,99.2,3555.0
BetmanJoe,Joe Betman 🇨🇷 🇫🇷,Epic,2,-0.6723525513408583,1091.966251,6,0.8213132545539912,0.38154597997627954,118.485064,2,0.02999,0.0066,0.004,,1,1,99.5,14176.0
levithefirst,LΞVI,Common,0,-0.4975880891298158,544.370795,2,0.8794579305814905,0.6179744200747452,444.802764,0,0.006,0.001,,,1,0,,4869.0
SwannyNFT,Prince Swanny👑🪖,Rare,4,-0.06246392979793847,1327.746138,2,0.9558062611658869,0.7139317567450549,1142.623224,0,,0.0,,,0,3,12.3,12793.0
smolgeeek,geek,Legendary,1,-0.3267748461705806,1816.8088800000003,3,0.8683056869126458,0.6487306720216154,1764.02932,0,0.04,0.0009,0.0009,,0,5,84.1,10054.0
0xumutcan,umutcan ✳️,Common,0,-0.9114077918437745,594.349291,3,0.849285219779269,0.32391500748248714,381.338579,0,0.003,0.0008,0.0008,,1,1,80.6,9808.0
ItsTymo,ItsTymo,Common,0,-0.10911077037823097,768.547652,3,0.8952039010331431,0.8044444216797157,496.984687,0,,0.0015999999999999999,0.0006,-0.00010057151744949078,3,0,,7231.0
flyest,IB 💸,Common,0,-0.2793312416061308,786.311354,2,0.8190793529303796,0.9169481018135416,746.318788,0,0.0028999999,0.0016,0.0005,,1,0,,6773.0
itskkoma,itskkoma,Legendary,1,0.9606194575925789,6350.098981,8,0.9549850926044233,0.8797651443267585,2165.006375,1,0.025,0.002,,,1,1,99.0,9993.0
crazino87,Crazino.eth,Legendary,1,0.3186101203029781,2408.4479229999997,2,0.9859011053653736,0.8664061074930672,1650.523563,0,0.0098999999,0.0,,,0,0,,5211.0
LaraTheRudeDuck,Lara (Trader arc),Rare,4,-1.2598125124869448,58.004391999999996,1,0.5556410685405164,0.9221171694133801,47.766664,0,,0.0008,0.0008,,0,4,55.5,3394.0
Idedj,Ide,Mythic,3,-0.6400144732423066,1173.185582,5,0.8740091018028353,0.3262451950932076,315.635677,3,,0.0043,0.0012,-0.00123567650105889,1,4,97.4,7151.0
austiinxbt,awestin.eth,Legendary,1,0.4711514745804436,2941.50676,4,0.9810230942768511,0.854681459859021,2061.92968,0,0.0035,0.0,,,0,0,,6404.0
zaddyfi,Zaddy,Legendary,1,0.7540219663287131,6592.2744619999985,6,0.9921876185484689,0.72838946576361,2045.110814,2,0.02,0.0,,,0,1,96.4,24983.0
swankyjohnx,Swanky,Mythic,3,1.1127624341809874,5524.978795000001,19,0.8987338332467701,0.5799295590341453,552.698968,5,0.0248,0.0007,0.0007,,0,1,99.0,14759.0
RiddlerNFT,RIDDLΞR,Mythic,3,0.3116530602948663,3765.4685810000005,8,0.9202958326806947,0.6207282425277902,2143.392675,0,0.002955,0.0026,0.0014,,0,6,98.2,35779.0
amit0xic,t0xic 🧪,Legendary,1,0.7627302311106335,6050.593609000001,8,0.9482893388203586,0.7641078691347721,2654.633174,1,0.008,0.0010999999999999998,0.0006,,2,1,71.9,17877.0
bunya_eth,Bunya🏀Vibunya Arc,Common,0,-0.5738985203629633,695.918591,2,0.870262720590702,0.5747966253113335,467.813774,0,0.0025,0.0012000000000000001,0.0007,,2,2,92.8,17282.0
OODEGEN,哟,Rare,4,0.5895549949135983,3283.661323,15,0.853772499220708,0.6391300382697761,,1,0.002096,0.0033299999999999996,0.00113,-9.980098550768114e-05,3,1,1.5,1303.0
anytwocardzz,cardzz,Legendary,1,0.5213183856127339,3710.4760070000007,4,0.9909746573813827,0.825239706410032,1799.127418,0,0.008,0.0011,0.0011,,0,2,79.5,17114.0
zubic_eth,zubic,Legendary,1,0.40546566618175395,4009.009603,2,0.9902049384283005,0.8322445360974016,3426.789147,0,0.0055,0.001,0.001,,0,1,87.5,30855.0
johnjassper,JASSP3R ♞,Mythic,3,1.1462012699212158,6682.138954999999,14,0.9775241832186135,0.6191329633354069,2072.995144,3,0.00959999999997,0.006200000000000001,0.0035,-0.0022964944176422854,5,1,62.4,8034.0
Jampzey,Jampzey,Epic,2,0.7845507575115288,6416.895484000001,8,0.9852413633191611,0.6693738370470751,3657.020491,1,0.008,0.0094,0.008,,2,0,,117919.0
MagicMikeEditss,MagicMike (dream/acc) bearishaf,Mythic,3,0.3475710647746716,7062.020332000001,9,0.8982866432276495,0.4643833012769435,1612.201617,2,0.007,0.0033,0.0014,-0.0004620207951035666,1,2,100.8,6026.0
Gyokeres_eth,Gyo,Mythic,3,0.6491838896888095,5666.837775000001,8,0.9744234638323999,0.6358554259850047,2192.919747,2,0.035,0.004,0.004,,0,3,100.5,17029.0
TimHaldorsson,Tim Haldorsson,Legendary,1,1.337227750651708,10822.504989000001,8,0.9907535564858483,0.8266208639111587,3074.095434,1,0.009,0.0,,,0,1,99.7,31494.0
R3birth,R3birth,Mythic,3,0.48408251876681474,3324.9662660000004,13,0.8992561699788273,0.5545681243993447,730.840575,2,0.01,0.0008,0.0008,,1,0,,7617.0
MtroX207,MtroX.,Mythic,3,0.18488735531633288,4215.648673,13,0.8341406892537964,0.4402278988841143,1436.644614,0,0.004,0.0091,0.0011,,0,2,99.0,16344.0
joxiecoxie,JoxieCoxie🧦💜 (authentic chaos arc),Epic,2,-0.00040179239967119695,2898.8640160000004,4,0.9572117577001713,0.5611235103012735,760.110602,2,0.005,0.0054,0.003,-0.00018675282510792517,3,1,83.9,7361.0
jgonzalezferrer,Javi🥥.eth,Legendary,1,0.34651031852596775,4213.401935000001,4,0.9754689909460825,0.704023909041161,2867.82134,0,0.019,0.0,,,0,11,99.5,63195.0
AInvestor_11,AInvestor,Legendary,1,0.876352294325439,4777.708035,6,0.9871983130328609,0.933348101375279,2134.067119,0,0.007,0.0012,0.0012,,0,1,79.8,15145.0
emilios_eth,emilios.eth,Rare,4,0.48181197370870055,3144.634665,3,0.995198409569591,0.8709687799016012,1677.778997,0,0.008,0.001,0.001,,1,1,32.0,8783.0
xeetdotai,xeet,Common,0,-1.4301316817620253,50.16262849305449,1,0.8789984852534973,0.0,,0,0.01998,0.0,,,0,1,36.3,95855.0
J0xhen,Jochen,Rare,4,-0.9795141081437813,0.0,0,,,,0,0.00989999999997,0.0008,0.0008,,0,1,35.0,305.0
LittleBladed,LittleBladed,Common,0,-0.9795141081437813,0.0,0,,,,0,0.0021,0.0013,0.0007,,2,0,,97.0
scottybmitch,Scotty,Common,0,-0.38973190267437385,1097.212016,4,0.8594389832247584,0.608768122029322,79.842427,1,0.0999,0.0,,,0,5,98.2,16421.0
