rank,xHandle,displayName,tier,compositeScore,dim_performance,dim_market,dim_ecosystem,dim_reach,totalXeetsExclXeetsgiving,competitiveTournamentCount,avgDifficultyAdjustedPercentile,signalRatioAvg,osFloorCommon,ethSaleVolume,highestSaleCommon,deckReachScore,followers
1,lizmoneyweb,Lizzie,Mythic,87.24354275132193,92.43614980819704,71.23022860673464,95.03784660107335,79.38560411311053,14280.055781999998,13,0.9888525419153525,0.8220217811806039,0.05,0.014,0.014,100.3,11048.0
2,monitalan,MonicaTalan,Mythic,82.52474380084237,84.91495053502928,78.05367154689444,89.08156305903401,73.31827170259047,5275.428455,8,0.9873447884417388,0.7698466620309514,0.02,0.0118,0.01,99.2,13564.0
3,ProofOfEly,Ely,Mythic,81.37975617456962,90.18095093882495,30.756410256410255,91.72573792486584,88.9668775954123,30073.826631,17,0.9885672474420408,0.7288632269187438,0.15,0.0,,98.7,43279.0
4,Cryptowithkhan,Crypto with Khan ( SFZ ),Mythic,80.74654817881927,81.38224308499898,90.06144884458139,74.69420840787122,79.38560411311053,8950.941226,15,0.9704448991260751,0.6312227084562705,0.0199,0.0117,0.007,91.8,77892.0
5,DjaniWhaleSkul,Djani,Mythic,79.73332838577959,76.40192812436905,72.37940222428175,93.65351073345259,76.23650385604113,9943.187104999999,8,0.939449448465601,0.823083101557275,0.012,0.01599,0.00899,100.5,9606.0
6,Gyokeres_eth,Gyo,Mythic,79.23394997002923,78.49712295578438,64.24806919987644,95.34045169946334,73.49822028870872,5666.837775000001,8,0.9744234638323999,0.6358554259850047,0.035,0.004,0.004,100.5,17029.0
7,TimHaldorsson,Tim Haldorsson,Mythic,77.77797091485242,91.11422370280638,20.779000617856042,92.08642665474062,76.06634368202491,10822.504989000001,8,0.9907535564858483,0.8266208639111587,0.009,0.0,,99.7,31494.0
8,mariannehere,Marianne,Mythic,77.77754884912697,80.37833131435494,72.79445989084543,87.8563282647585,64.46262606288313,10217.690975,6,0.9917261668958535,0.8239006608996823,0.0249,0.007,0.007,98.7,42517.0
9,Tuteth_,tut™,Mythic,74.76263137473667,84.51014536644459,28.798578931109052,85.41452370304116,76.51621514732054,10126.569162,8,0.9609873063089489,0.855360585796868,0.033,0.0,,98.2,25098.0
10,itskkoma,itskkoma,Mythic,73.94195044077254,81.41707046234605,46.19852486870559,84.90949239713777,66.43909432469843,6350.098981,8,0.9549850926044233,0.8797651443267585,0.025,0.002,,99.0,9993.0
11,chesus,CHESUS🧀,Mythic,73.82049072500988,73.54002624671915,30.41755483472351,93.29580351818726,84.56505833498122,21396.920372,13,0.9301823978375986,0.7120177354641051,0.0999,0.0,,99.7,61179.0
12,waleswoosh,wale.moca 🐳,Mythic,73.55620000466692,82.24081364829397,30.229301822675314,83.27210047704234,76.64039944631203,15498.440375999999,12,0.9580862632270112,0.7717311086841065,0.09,0.0,,99.5,172546.0
13,johnjassper,JASSP3R ♞,Mythic,73.5277720255408,81.53669493236423,71.01260186275246,60.92603980322004,73.08740359897172,6682.138954999999,14,0.9775241832186135,0.6191329633354069,0.00959999999997,0.006200000000000001,0.0035,62.4,8034.0
14,R2D2zen,R2D2,Mythic,72.65585923376068,64.7916414294367,75.41861033879107,89.4471153846154,67.78870872058532,4658.106921,4,0.9970365742610928,0.7690086077639873,0.025,0.0335,0.0175,99.7,14063.0
15,beijingdou,Josh Ong,Mythic,72.38748285547625,75.72632747829597,26.772970085470085,86.35476296958856,83.52442159383033,19691.714547000003,30,0.9405921479919755,0.6590012811048435,,0.001,0.001,96.7,139776.0
16,dazzlercoin,bewise,Mythic,71.50533348041688,83.77902281445589,27.51845844918134,74.09069394752535,75.74757761518687,5997.257856,9,0.9706102726112277,0.7975428720168456,0.02,0.0,,98.5,21049.0
17,tdkimber,💎tdk💎,Mythic,71.28188579828748,70.05627902281446,58.35059468643806,86.44773032200358,66.11340715839431,5278.356318000001,11,0.9151760832484687,0.7774027931694637,0.005,0.0049,0.0049,99.0,5255.0
18,FogoNPC,Fogo,Mythic,71.21184732996956,64.50383605895418,69.36439347132118,79.98389982110915,76.59640102827763,8624.315318,9,0.9151467614889955,0.6056531551069352,0.00989999999999,0.008,0.008,95.7,10060.0
19,greenytrades,Greeny,Mythic,71.04659774967587,88.4850090854028,53.3177453403357,39.79203935599285,83.66531540438996,16454.923690999996,10,0.9750245760297958,0.8200683563039626,0.0248,0.0014,0.0014,,43093.0
20,TheCryptoProfes,The Crypto Professor,Mythic,71.01826727092916,84.45310922673127,88.34252359402963,37.7936046511628,68.02026893415068,7410.195874,11,0.9784166248738504,0.7214230151977497,0.05,0.0051,0.0025,,18895.0
21,GuigsLuke,Guigs,Mythic,69.91915336736577,74.49939430648092,61.29133843064566,82.60325357781754,52.1847933557445,3184.9785769999994,5,0.9892090526594352,0.8649251763906479,0.01099999999997,0.0044,0.0035,99.2,3555.0
22,zaddyfi,Zaddy,Mythic,69.7106175120573,76.3071623258631,27.51845844918134,78.91474731663688,76.91724342495552,6592.2744619999985,6,0.9921876185484689,0.72838946576361,0.02,0.0,,96.4,24983.0
23,ProofOfTravis,Travis 💡,Mythic,69.57582367998099,69.15732889158085,25.861831943157245,88.16821332737032,81.85890844374134,9104.352432999998,14,0.9161196175748472,0.6619988960282901,0.011,0.0,,98.5,33235.0
24,pawnie_,Pawnie,Mythic,69.41414712423892,59.05738946093277,70.53239882607352,80.8823233452594,77.13624678663238,4860.41186,15,0.881673059521716,0.5850135017438423,0.0496,0.0045000000000000005,0.004,99.2,12168.0
25,man_versus_coin,Man Versus Coin,Mythic,69.04841324196606,61.01983646274985,66.80402378745752,89.13349731663688,64.49386988333004,5551.622647,8,0.916152337858747,0.5504556701672538,0.0149,0.004,0.004,100.0,3109.0
26,MagicMikeEditss,MagicMike (dream/acc) bearishaf,Legendary,68.93489509425869,58.36008479709267,59.909474001341465,93.02431797853312,70.20822622107968,7062.020332000001,9,0.8982866432276495,0.4643833012769435,0.007,0.0033,0.0014,100.8,6026.0
27,oxtochi,tochi,Legendary,68.13306197602331,74.50620835857056,49.339872309751826,66.2344215861658,71.02778327071385,8734.066121000002,7,0.9764016769010775,0.7339316017215387,0.008,0.0013,0.0013,88.2,71394.0
28,MadMaxx_eth,"MadMaxx (∎, ∆)",Legendary,67.98783606307106,65.67459115687461,38.238254299248275,83.77700134168158,77.00029661854855,6211.078045999998,8,0.9292550183977157,0.5985532459077918,0.0035,0.0015,0.0008,97.4,13559.0
29,walsxbt,Wals,Legendary,67.66191350591633,69.91293155663234,28.723277726289773,76.05323867024448,82.48872849515523,10510.243000000002,10,0.9276585334514778,0.6319874742174816,0.03,0.0,,98.2,30025.0
30,Crypto_Zh0u,Zh0u,Legendary,67.62709890279571,70.2170401776701,66.58309067872321,58.048039654144304,73.98714652956298,6261.868103999999,4,0.9981941766558853,0.9093048156585379,0.00989999999997,0.0051,0.0035,78.8,8932.0
31,Rakermoon,Moonraker,Legendary,67.50702988345492,66.74666868564506,29.250386160024714,85.6287455277281,76.95629820051414,4918.837946,13,0.9125184825117032,0.7129113045226482,0.04,0.0,,99.2,11818.0
32,TheAntAcademy,The Ant Academy 🎓,Legendary,67.23434842019118,60.68185947910358,74.20086983415297,80.38852862254026,60.64237690330234,3830.786279,7,0.9255975621075533,0.8039303133652235,0.015,0.0041999979,0.0008,98.7,12022.0
33,Deebs_DeFi,Deebs DeFi 🛰,Legendary,66.93751957011452,79.00035332121946,30.304603027494593,68.68651237328564,67.06891437611232,5046.065181000001,8,0.969917219613045,0.7074389724427301,0.099,0.0,,95.1,53028.0
34,amit0xic,t0xic 🧪,Legendary,66.67150796735842,75.26120533010297,37.7159406858202,66.47316636851522,70.57791180541822,6050.593609000001,8,0.9482893388203586,0.7641078691347721,0.008,0.0010999999999999998,0.0006,71.9,17877.0
35,Jampzey,Jampzey,Legendary,66.63266291687727,82.57041187159297,69.06743641231594,37.51766547406083,64.81955704963417,6416.895484000001,8,0.9852413633191611,0.6693738370470751,0.008,0.0094,0.008,,117919.0
36,swankyjohnx,Swanky,Legendary,66.61330698816002,63.24550777306683,36.69648465657502,81.79373509242696,78.66580976863753,5524.978795000001,19,0.8987338332467701,0.5799295590341453,0.0248,0.0007,0.0007,99.0,14759.0
37,huseyin1tekin,Sennin,Legendary,66.17102928676924,61.48637189582071,69.91432396251673,79.75197525342877,57.58325093929207,3088.2768980000005,3,0.9920012381790193,0.8412217701702515,0.04998,0.009,0.009,100.5,44231.0
38,Dashke,Dashke,Legendary,65.99305193478085,65.32556026650515,35.435730099886726,81.91049865831843,72.0077120822622,3549.0020910000007,9,0.948499311577768,0.48560610719276365,0.0017,0.0016,0.0011,99.2,9664.0
39,Senti__23,Senti 🪄,Legendary,65.91656742998646,61.50772259236826,41.21648774585522,89.86510509838999,66.15938303341902,4566.7375090000005,5,0.9520464193806571,0.7232096304143054,0.007,0.0012,0.0012,100.8,2728.0
40,banditxbt,banditxbt,Legendary,65.74990677660826,70.40960024227742,26.72779579857893,73.60528473464521,76.1974490804825,7567.15563,7,0.9607202676452713,0.7345393195139954,0.015,0.0,,93.4,46197.0
41,BR4ted,₿🧞‍♂️,Legendary,65.65136645822419,70.19473046638402,29.739843991350014,81.76673375074539,64.51127150484477,6233.59416,7,0.9477750033960435,0.8544005829747962,0.05,0.0,,99.5,52404.0
42,FFVV1211,FFV,Legendary,65.65005522765196,77.66883706844337,78.3221684381323,29.004994036970782,73.0483488234131,7461.451865999999,5,0.984639341807814,0.8819187952121486,0.00688,0.00978,0.00688,,70731.0
43,camolNFT,camol,Legendary,65.56471413436091,76.29567938623056,73.55583873957369,29.092203339296365,78.97973106584932,9697.200521,9,0.9400746697537208,0.7730801628285259,0.01,0.0072,0.006,,70161.0
44,AInvestor_11,AInvestor,Legendary,64.9728497944066,79.38166262870988,41.21648774585522,55.729334376863456,63.161657108957876,4777.708035,6,0.9871983130328609,0.933348101375279,0.007,0.0012,0.0012,79.8,15145.0
45,Pons_ETH,Pons Asinorum,Legendary,64.91634106955013,86.51675752069454,29.024482545566883,28.786970781156832,88.02313624678662,17922.477654000002,16,0.9667316467979767,0.7773316466664454,0.039,0.0,,,72345.0
46,maskjiro,MaskJiro🫎,Legendary,64.78370734738706,67.66194730466384,45.337441936839525,71.67978533094814,65.3936128139213,4329.384423,6,0.954097779262189,0.8279843436510306,0.0026,0.002,0.0005,96.9,5146.0
47,KaruptKP,KaruptKP,Legendary,64.38033210135151,57.48811326468807,50.19724497435341,84.63070214669054,66.20338145145342,4531.182775,6,0.935391876183106,0.6268569083995713,0.00329999999998,0.0024000000000000002,0.0011,99.7,5747.0
48,Carlitoswa_y,Carlitosway,Legendary,63.572174082007635,61.58540278619018,42.308355215734736,83.77202593917711,60.4624283171841,3683.9719950000003,5,0.9561028116720738,0.7001441625087994,0.008,0.0012,0.0012,97.7,31206.0
49,Bellerophontis2,NancyNik,Legendary,63.53180938000108,59.96047849788006,67.7383518829302,74.20387969588552,55.603816491991296,2402.677713,5,0.9549100803793034,0.7474997430371417,0.004,0.0031,0.0013,96.4,10212.0
50,viiibe,viiibe,Legendary,63.47173667264122,69.84198970321017,44.61826150756873,62.80635062611807,64.99950563575241,3127.2212310000004,6,0.9805750236442385,0.7392740388895856,0.0015,0.0031000000000000003,0.0015,81.1,18637.0
51,HarrietPJones,🜲 Harriet,Legendary,63.34385998025956,61.92996668685645,52.86538461538461,72.72814177101968,63.37996836068815,12746.335169999998,6,0.9336493650656758,0.6942114542912399,,0.0245,0.0245,83.6,6814.0
52,RiddlerNFT,RIDDLΞR,Legendary,63.108681401817975,62.34580052493438,41.75553496035423,73.38351595110318,68.9095313426933,3765.4685810000005,8,0.9202958326806947,0.6207282425277902,0.002955,0.0026,0.0014,98.2,35779.0
53,diegoarmandoAD,DIEGO,Legendary,63.054104822550215,63.55966081162932,40.08641617753063,78.50285107334528,61.45214554083448,3511.474361,5,0.973410024878031,0.6617145534187874,0.00299999999998,0.0036999999999999997,0.0008,95.9,18843.0
54,flb_xyz,FLB,Legendary,62.76356218625766,77.87855844942459,15.507916280506642,54.227303220035786,76.28050227407553,5561.807204000001,9,0.9589557525657116,0.7422180834948919,0.00499,0.0,,16.1,17714.0
55,KierianV,Kierian,Legendary,62.04509263942244,67.6246719160105,30.927633611368552,75.52478384019082,58.16442554874431,4925.318668999999,4,0.9969895143504326,0.8483876452876181,0.0075999,0.0006,0.0006,98.7,17808.0
56,vikktorrrre,Veee,Legendary,62.04401719033644,68.11508176862506,64.31248712799918,53.79328786523555,57.081767846549326,3027.5311789999996,5,0.9615939724710483,0.8648700905479249,0.0098999999,0.006,0.002,85.7,4689.0
57,gomtu_xyz,Gomtu,Legendary,62.03375147490479,65.93397940642035,33.832779837297906,71.14916890280263,64.51127150484477,5361.84219,4,0.9947347422023443,0.781433931738681,0.0099,0.0005,0.0005,95.1,14859.0
58,CryptoVonDoom,VonDoom ☕️,Legendary,61.90111224550324,80.98450434080354,28.61032591906086,39.62500000000001,72.41160767253312,9597.036074999998,15,0.9574562146676823,0.767392979429687,0.02999,0.0,,,195157.0
59,jgonzalezferrer,Javi🥥.eth,Legendary,61.1029312036474,58.5719765798506,26.9913500154464,81.574202444842,68.45965987739767,4213.401935000001,4,0.9754689909460825,0.704023909041161,0.019,0.0,,99.5,63195.0
60,RajPatel,Raj,Legendary,61.05172585182487,76.70452251160913,59.39914265516675,27.609645199761484,67.87868301364445,7811.977293999999,9,0.9470944960182391,0.7652123765870955,0.00399999999998,0.0031,0.0013,,10248.0
61,MtroX207,MtroX.,Legendary,60.65383386543617,50.779073288915804,47.69596334054165,73.50840414430533,76.32647814910025,4215.648673,13,0.8341406892537964,0.4402278988841143,0.004,0.0091,0.0011,99.0,16344.0
62,ripchillpill,Chill Pill 🔮 (Bald),Legendary,60.220775554650096,57.35001514233798,74.49388579960869,54.65917561121049,61.940379671742136,3785.5953759999998,6,0.9349756774814496,0.6086325204523235,0.02,0.0238,0.02,73.4,98696.0
63,EricCLFung,EricF,Legendary,60.14469163558266,66.56395114072279,9.257916280506642,64.91834376863447,79.33962823808582,7153.421015999998,17,0.8898720807516957,0.7570730771890639,0.0021,0.0,,69.1,19829.0
64,quan_eth,Quan,Legendary,60.02595064854853,61.587447001817075,29.84989316239316,67.33022137745976,70.97894008305319,3858.1409209999997,6,0.9595455586779033,0.600121848539562,,0.0013,0.0008,85.2,23622.0
65,anytwocardzz,cardzz,Legendary,59.944001835203395,64.7387441954371,39.27149624137576,59.02254770423375,66.43909432469843,3710.4760070000007,4,0.9909746573813827,0.825239706410032,0.008,0.0011,0.0011,79.5,17114.0
66,Rempo1,Rempo,Legendary,59.93428260157684,63.9700686452655,66.78730497179292,35.56238819320215,74.34704370179948,4043.5915400000004,13,0.9235373912424438,0.5924491702342052,0.009899999999,0.0052,0.0008,,10632.0
67,Defi_Scribbler,Scribbler,Legendary,59.67752189016665,57.765445184736514,28.911530738337966,75.44079830053668,68.63960846351591,3154.6955349999994,7,0.9453956352735409,0.5835451215151206,0.035,0.0,,98.0,22853.0
68,anda765,Anda ☀️,Legendary,59.36037913286721,61.32586311326469,41.907038410050454,61.751080799045916,65.57356140003955,3063.2252959999996,4,0.989080686882212,0.7909745934765484,0.0098999999,0.0011,0.0011,87.7,5924.0
69,Aurelius_1988,Aurelius 🐐,Legendary,58.2546193218805,66.23553906723197,64.06750773015833,31.413014311270125,68.00286731263594,6277.349549999999,6,0.9325149104741789,0.8816653793487251,0.0044,0.0029000000000000002,0.0011,,6316.0
70,Hydraze420,Hydraze 🏴‍☠️,Legendary,58.00119138456824,80.38486775691499,5.756410256410257,39.137969588550995,71.87176191417836,7324.343032999999,10,0.9658802967691809,0.6840656777739207,,0.0,,,131460.0
71,CryptoUsopp,Usopp,Legendary,57.96142292808121,70.44298909751667,5.756410256410257,59.773889385808,68.81955704963417,4061.1876240000006,6,0.9569482646827724,0.9096808419924177,,0.0,,78.8,46794.0
72,heycape_,Cape 👊,Legendary,57.824580989948494,61.18877448011306,28.927517763361138,68.85930977936793,59.74263397271109,4128.702056,3,0.9906673702306646,0.7933296126363585,0.005,0.0011,,94.4,52959.0
73,Tma_420,T.M.A,Legendary,57.78998602215755,80.56957904300424,29.09978375038616,29.179412641621948,64.372651769824,10636.278895000001,6,0.9838416257656261,0.9056550220900252,0.03989999999999,0.0,,,48895.0
74,Febers4,Tat Thang,Legendary,57.74593936550988,65.40536038764385,5.756410256410257,68.81853756708409,67.91981411904291,4857.190696,7,0.9571292813967691,0.7119740628738204,,0.0,,82.9,8406.0
75,bored_vic,Bored Vic,Legendary,57.40143566063921,50.6173026448617,51.710089491716,65.49480098389984,66.60925449871465,3922.584839000001,9,0.8591113677108012,0.5148791794891285,0.00338999999998,0.0026,0.0009,82.6,3830.0
76,Shivfreespirit,Shiv ✍,Epic,57.34698481262803,52.09590147385423,36.083133817320565,73.21042039355994,66.07919715246193,4010.1764290000006,4,0.9534972480595106,0.6707730347629138,0.00478999999999,0.0017000000000000001,0.001,93.9,13002.0
77,D3TRIOTT,"DΞTRIOT | DGC 2.0🔺,♟️",Epic,57.198253186359125,56.58126388047649,65.27277230891688,47.80424493142517,63.24115087996836,2267.371469,4,0.9664789074922397,0.8559822904500725,0.00349999999998,0.0057,0.0013,80.1,9570.0
78,SHADOW_NFT15,SHΔDOW,Epic,57.09712432539882,71.61773167777105,51.303013335392855,23.859645199761484,69.17253312240459,2626.343667,6,0.971963598706707,0.912027742521072,0.012,0.0015,0.0008,,26649.0
79,0xTJustin,JuStin (Creator arc),Epic,56.90098393108085,74.58636180092871,42.797923154850864,23.24918008348241,69.03856041131104,5588.554934,12,0.9537328115979609,0.6557425191960733,0.00209999999997,0.0027,0.0011,,5506.0
80,BawsaXBT,BAWSA,Epic,56.89955046384257,65.63431253785586,18.74586808773556,59.760733452593925,63.881451453430884,4929.004436,7,0.9534918047251838,0.7239313446812146,0.007,0.0,,40.7,32829.0
81,lokithebird,LoKi 😈,Epic,56.87587141161299,66.95124167171412,57.52630393368345,29.223017292784736,67.03055171050029,7865.045496,7,0.9231571624505374,0.896331766114387,0.008,0.0046,0.0012,,48666.0
82,zaimiri,zaimiri ✏️,Epic,56.85583038326188,65.09350393700788,53.67724345058682,34.42173524150269,67.73986553292465,3563.4945850000004,6,0.9613121239973569,0.7014294048814026,0.005,0.0029,0.0012,,55712.0
83,pukerrainbrow,Pukerainbow 🤮🌈,Epic,56.452266960682884,82.55930749040985,5.756410256410257,27.914877757901017,72.46737195965987,10908.644021000002,10,0.9619446594269968,0.7457094949947091,,0.0,,,80176.0
84,shivst3r,Shiv,Epic,56.34055276899441,78.02089642640824,5.756410256410257,28.874180083482415,80.3362665612023,11707.695404999997,5,0.9882931123853274,0.8140609443913513,,0.0,,,51585.0
85,GMB_AOB,GMB,Epic,56.30518668733304,44.077831617201696,40.32718695293997,85.95315295169948,59.870970931382246,3334.7914390000005,5,0.8820241369094729,0.45792386896791326,0.00799,0.001,0.001,98.7,6434.0
86,0xxNathan,Nathan,Epic,56.2570870975809,52.52291540480517,53.820201805141565,66.84041443053071,53.755685188847146,3295.817879,3,0.9698387836657294,0.7500189377251026,0.00499999999999,0.0033,0.0006,92.6,24547.0
87,RealDuckMaster,duckmaster.eth,Epic,55.87495545561821,50.24818291944276,25.48532591906086,77.25247838401908,65.89924856634367,3439.867927,5,0.8836366388712248,0.7289882759375816,0.01,0.0,,99.2,19470.0
88,cabenX,Caben,Epic,55.834554026562834,59.07692307692307,73.78566309590406,30.628130590339893,64.54963417045678,4230.34502,7,0.9345879680715357,0.6236187766973592,0.003,0.00629999999999,0.00299999999999,,9584.0
89,WithEsibe,Esibe,Epic,55.806624036375766,62.34766807995155,17.239843991350014,61.225514311270125,64.7637927625074,2612.2762049999997,5,0.9639349013496143,0.7219001440863775,0.0055,0.0,,92.3,5859.0
90,Xeer,Xeer,Epic,55.5718405575104,57.6246719160105,5.756410256410257,73.56503428741802,67.93029464109155,9249.175916000002,4,0.9465272415015799,0.8059755457956053,,0.0,,97.7,62037.0
91,DonPudgy,Don,Epic,55.44265182158621,60.40066626287099,5.756410256410257,71.69869931425166,63.60104805220487,2728.842265,5,0.9396169159659864,0.8306167493732775,,0.0,,98.0,7293.0
92,jade_defi,Jade 💋,Epic,55.28030119571625,48.620028265697556,54.90882118216455,74.33078041144903,47.637433260826576,1854.614397,4,0.9479619409656319,0.7962507337790223,0.005,0.0061,0.005,90.3,20148.0
93,parcifap,Parci,Epic,55.27725658399152,72.88582677165354,52.662821417339494,20.240459153249855,60.55240261024322,3506.486642,5,0.9827556702797595,0.8426479638984385,0.0098,0.0048000000000000004,0.0011,,25962.0
94,edoweb3,edo,Epic,55.10805812936277,61.342418736119534,35.043391514777056,64.4789989564699,46.28781886493969,2860.1914420000003,4,0.9878496685720173,0.8165403450084902,0.00499898,0.0015,0.0005,92.8,5141.0
95,0xmani,MANI,Epic,55.09730584350197,62.723601857460125,35.88310292451859,61.72905485986882,45.8662250346055,2834.928376,3,0.9940833646902313,0.9112802652686222,0.00398,0.0019,0.001,85.9,10891.0
96,joxiecoxie,JoxieCoxie🧦💜 (authentic chaos arc),Epic,54.974061960916195,45.5366444579043,71.47263499597838,66.41905187835422,49.25697053589084,2898.8640160000004,4,0.9572117577001713,0.5611235103012735,0.005,0.0054,0.003,83.9,7361.0
97,MedusaOnchain,Medusa,Epic,54.87194388586755,56.24793054714314,30.605807846771704,73.38055307096006,48.897073363654336,2028.1267910000001,3,0.9863416261555488,0.826864753084568,0.1,0.0,,98.7,11296.0
98,adamagb,Untamed Adam 🐺,Epic,54.78158342561178,46.31147789218655,46.29522577489445,67.95773703041147,63.78099663832312,2324.724215,5,0.8798018477563238,0.7424312201285745,0.004499999999,0.0018,0.0012,91.3,9305.0
99,Meta_ZET,ZET 💪❤️,Epic,54.579461316933106,37.83525136281042,45.269037689218415,82.95784883720931,64.08997429305913,1662.0667640000001,5,0.8866766583981439,0.5213858121318266,0.025,0.0018,,99.7,6842.0
100,icobeast,IcoBeast.eth🦇🔊,Epic,54.57583838986213,76.80844942459115,5.756410256410257,29.3974358974359,73.45708918331026,10629.545276,5,0.9880563691755292,0.7830132982129524,,0.0,,,68934.0
101,AtnsXBT,AtnsMDX,Epic,54.50355113874401,59.298606904906116,51.35248043455874,49.62630441264163,52.40607079296026,2891.137815,3,0.987946592029357,0.8310332112587141,0.004,0.005,0.005,80.8,12376.0
102,0xkekov,kekov,Epic,54.00616094450386,56.39652735715728,50.611111111111114,58.488670244484204,46.377793157998816,3282.926963,3,0.9711293176988303,0.8040276641184573,,0.0075,0.007,86.4,5044.0
103,wilson_,WILSON,Epic,53.90131966283553,54.260650111043816,55.43769342790427,47.912790697674424,58.881253707731844,3223.8902199999993,4,0.9727672994303822,0.5920060827122757,0.002797,0.0031,0.0008,18.4,158394.0
104,whemohere,whemo,Epic,53.37230867850363,62.314506359781944,29.74482545566883,44.346153846153854,62.69438402214752,2494.0333350000005,5,0.9861550706884694,0.5849378600088965,0.0016,0.0017000000000000001,0.0006,55.0,1204.0
105,NDIDI_GRAM,HEADBOY 🦇🔊,Epic,53.36762828264628,48.363416111447606,42.601605138502734,66.1742695289207,57.22335376705556,6435.718614000001,3,0.9181544030696193,0.7760459159203585,0.0039555,0.0057,0.0007,86.4,198557.0
106,AnIdiot,AnIdiot,Epic,52.81196413482057,36.67504542701393,55.61526233137679,79.58821556350627,53.80433063080878,2003.000395,5,0.8372408415356045,0.605979265504021,0.0194,0.0015,0.001,97.7,10103.0
107,WYdaGOAT,Kenny Wy,Epic,52.756730084857935,39.95477488390874,62.140340467900714,67.14754770423376,56.053687957286925,2312.919276,3,0.9147629681542631,0.717286536763677,0.00899999999997,0.0035900000000000003,0.00119,97.7,20909.0
108,BetmanJoe,Joe Betman 🇨🇷 🇫🇷,Epic,52.7287952703775,29.740384615384617,72.04942848316342,74.1056574239714,61.9305912596401,1091.966251,6,0.8213132545539912,0.38154597997627954,0.02999,0.0066,0.004,99.5,14176.0
109,zubic_eth,zubic,Epic,52.72156119241421,50.62439430648091,33.10255766656369,67.35159511031605,55.015325291674905,4009.009603,2,0.9902049384283005,0.8322445360974016,0.0055,0.001,0.001,87.5,30855.0
110,PenguinWeb3,Penguin,Epic,52.65587819462471,50.6715122148193,60.414770481788544,44.162977042337516,60.77071386197349,2223.2514969999997,3,0.9657869757849621,0.7444179493154827,0.0099,0.003,0.0007,30.9,19935.0
111,emilios_eth,emilios.eth,Epic,52.423670038967046,63.01554613365637,40.854295386674906,42.520255664877766,50.24668775954123,3144.634665,3,0.995198409569591,0.8709687799016012,0.008,0.001,0.001,32.0,8783.0
112,merheb,merheb (streamer arc),Epic,52.343923992378734,57.091762568140524,53.617688703532075,30.635062611806802,66.38333003757168,2731.31655,7,0.9122044194586242,0.8104245976750554,0.0119,0.0015999999999999999,0.0009,,7380.0
113,alphabatcher,Alpha Batcher,Epic,52.34085773444361,54.12356147789219,74.23891529388517,25.909063804412643,62.57019972315602,3052.81847,5,0.8919758952526708,0.8681102836977264,0.01498999999987,0.0048000000000000004,0.0007,,51862.0
114,m00des,andrazmode,Epic,51.944013533837506,61.63310115081767,48.506794155137534,23.467203339296365,66.92317579592644,2892.594936,5,0.9484700498739731,0.8085667476452558,0.005,0.0024000000000000002,0.001,,8145.0
115,OODEGEN,哟,Epic,51.87964290903022,53.820159499293354,58.38667803577443,32.6923076923077,64.98971722365039,3283.661323,15,0.853772499220708,0.6391300382697761,0.002096,0.0033299999999999996,0.00113,1.5,1303.0
116,0xleegenz,le.hl,Epic,51.71651989667371,48.85746012517666,47.50802569251364,53.250521765056654,59.1128139212972,3087.778813,4,0.9061108354886336,0.8772691468365335,0.009899999999,0.0013,0.0008,62.7,13279.0
117,R3birth,R3birth,Epic,51.45657190916313,57.11614173228347,42.33521908145402,30.373434704830057,70.65809768637533,3324.9662660000004,13,0.8992561699788273,0.5545681243993447,0.01,0.0008,0.0008,,7617.0
118,tictacmagic_,Tictacmagic,Epic,51.363913905774545,49.174490207954776,78.47991254693062,25.046735241502684,65.88946015424165,2210.0270750000004,8,0.8856053523770722,0.4927519711640865,0.0099,0.0029999999999999996,0.0012,,5359.0
119,0xMelkoreth,Melkor.eth,Epic,51.223840722970294,59.11826165960024,45.972235094223045,30.366502683363148,62.57019972315602,2564.1615279999996,5,0.9577937128433561,0.694730637036729,0.009899999999,0.0017000000000000001,0.0006,,20834.0
120,GUJJUIIXI,GUJJU,Epic,51.18141691993239,46.45204926307288,38.58132530120482,61.61678220035779,58.56248764089381,1646.211406,4,0.9656462668476851,0.5254915888131173,0.008,0.0022,,79.8,5996.0
121,CrypSaf,SafZ,Epic,51.17446517797547,48.3270997375328,30.605807846771704,66.91789654144307,54.475479533320154,3806.6135839999997,2,0.9873535867910856,0.7929244884450859,0.1,0.0,,88.5,32693.0
122,_Craig_,Craig,Epic,51.08221961923292,47.659751665657176,29.846964782205745,75.35006708407873,46.28781886493968,1552.082358,5,0.9348448564889082,0.6494313150823585,0.003,0.0010999999999999998,0.0006,98.7,22205.0
123,Jackkk,Jack,Epic,50.87268392236757,47.24732485362407,20.779000617856042,75.08169350029816,53.21583943049239,3447.765191,3,0.9477186034933552,0.6527821617409307,0.009,0.0,,94.9,33261.0
124,kaitoxbt,Kaito,Epic,50.75548316521367,52.58590753078942,67.33009028490956,23.946854502087067,65.31055962032826,2191.236198,3,0.9744931658412538,0.7599416301544263,0.00579989999999,0.0034999999999999996,0.0011,,12059.0
125,Kaffchad,Kaff 📊,Epic,50.623058887557306,51.44904603270745,41.29274791473587,39.490682766845566,68.68845165117658,4528.233466,6,0.8819940575061048,0.6726889237186536,0.009899999999,0.0010999999999999998,0.0006,9.0,19822.0
126,Truunik,Truu🐻‍❄️,Epic,50.548853304307784,32.51279527559055,96.03768921841211,46.15112552176506,59.36533517895985,1102.872992,2,0.9402938595394734,0.7994905975827835,0.02,0.07349000000000001,0.00999,72.9,11223.0
127,_matisei,Mati,Epic,50.47563285335617,49.10034322632748,52.131751364432084,48.04021317829458,54.92238481313031,1552.546132,3,0.9609602633655802,0.826449717996896,0.025,0.00129999,0.00129999,59.6,7526.0
128,PhinTotten,Phin,Epic,50.411582782391065,59.137694326670704,45.33774982118356,28.263714967203345,61.36217124777535,4045.715388,4,0.9597131007658826,0.8353491781117481,0.00398999999998,0.0021999999999999997,0.0009,,29676.0
129,AzFlin,AzFlin 🌎,Epic,50.30313355751862,62.808398950131235,34.17163525898465,28.961389385807994,60.68370575439984,6495.688707,3,0.9810264341810017,0.8464957763822994,0.00999,0.0005,0.0005,,29447.0
130,katexbt,katexbt.hl,Epic,50.27676608037515,68.34544720371493,23.41454278653074,28.176505664877762,57.89450266956693,4992.853061,4,0.9895040450478657,0.9293613251088306,0.009899999999,0.0,,,29110.0
131,Crypto3Rain,Rain,Epic,50.21081637892618,51.451544518473646,5.756410256410257,65.37170169946333,63.51107375914574,2304.854964,5,0.9255438315593514,0.6681116839353004,,0.0,,90.3,9553.0
132,SALAMANDER12_,SALAMANDER,Epic,50.04466234131194,67.84615384615385,32.51919858922871,19.673598688133577,60.73235119636148,3568.632461,5,0.9733541790921322,0.7784847012006926,0.00249,0.0012,0.0012,,16713.0
133,GeoOnchain,AG,Epic,49.994617972672664,59.55754088431254,52.97873997723396,20.58929636255218,61.490508206446506,2383.3279070000003,5,0.9433372262568323,0.806900549200557,0.0035,0.0029000000000000002,0.0011,,18315.0
134,CryptoGorilla,Gorilla,Epic,49.939191991303794,59.31314354936402,50.30141077129029,29.26662194394753,53.75568518884714,7907.520313,3,0.9727064207751949,0.7719841739834553,0.008,0.0014,0.0014,,167380.0
135,HollanderAdam,Adam Hollander,Epic,49.763353892938056,33.697481324449825,77.93777657407175,64.89760360763269,44.96648210401423,3607.088683,2,0.9331272431934163,0.5448039911014357,0.004955,0.0059,0.0035,89.0,86975.0
136,weston_union,Weston Union,Epic,49.72837972659696,55.86296184130829,62.232918854906806,29.4867695289207,50.74520466679849,2211.737823,5,0.9064096956912711,0.9385637034685008,0.009899999999,0.0101,0.0011,0.3,2724.0
137,theagnft,ag,Epic,49.65608649879446,54.32667070462347,47.25503347415998,22.943947525342878,72.3676092544987,2604.0201819999997,9,0.8965186969148797,0.5244464363873179,0.0013,0.0031,0.001,,13875.0
138,beausecurity,Beau,Epic,49.64719088641863,49.2465172622653,59.01044562866852,37.6484794275492,57.26468261815305,4782.8622110000015,3,0.9544659895866099,0.6085817446851656,0.02,0.0015,0.0015,,30693.0
139,xxCJ78xx,CJ78,Epic,49.12688511681526,55.9375630930749,40.8348203973204,28.813506261180684,64.4038955902709,2919.0983020000012,8,0.9246285796927347,0.5496569143616179,,0.0018,0.0008,,5156.0
140,0x_degenola,Ola,Epic,49.06477484155751,60.860387643852214,33.03472222222222,26.43444394752535,62.3414079493771,1798.2376429999997,5,0.9621705272494406,0.7683604143037837,,0.002,0.0012,0.3,11332.0
141,vohvohh,voh,Epic,48.95453135263137,63.753684635574395,29.739843991350014,27.740459153249855,56.6835080087008,4252.992523,3,0.9928915815406558,0.8489192735135634,0.05,0.0,,,116488.0
142,aibra,Aibra,Epic,48.819475938457785,48.49646678780538,36.285443054268356,57.51621198568873,48.897073363654336,2745.1522299999997,4,0.9462246728565138,0.7208214979369953,0.0025,0.0016,0.0008,62.1,7688.0
143,Crypto_bn,Crypto 🔶 ₿N,Epic,48.51673497554329,46.38683626085201,49.15208547286861,57.34784958258796,42.357227605299585,2079.4509129999997,1,0.9950253750487982,0.9549390736220771,0.002,0.0026,0.0006,80.1,35645.0
144,UxGsol,UxG,Epic,48.42480052453177,56.35715727841712,42.937628720008234,32.527411299940375,54.164227803045286,2506.826089,4,0.9783629409444283,0.7139958237775137,0.012,0.0008,0.0008,6.6,89844.0
145,Idedj,Ide,Epic,48.265316429945024,31.695790430042393,44.714036151536156,74.31009615384617,55.7732845560609,1173.185582,5,0.8740091018028353,0.3262451950932076,,0.0043,0.0012,97.4,7151.0
146,XammieCrypt,XAMMIE💎,Epic,48.225432167859175,49.59499293357561,50.20998564597962,35.11940966010734,58.93286533517895,2926.860755,3,0.9701432255501591,0.6128894610762877,0.0035,0.0026000000000000003,0.0007,,11711.0
147,HelloBenWhite,Benjamin,Epic,48.08592671486145,55.974560872198666,37.99773835466607,25.51662194394753,65.04063674115088,2276.412734,3,0.9783560694881679,0.8455926386149498,0.00209999999997,0.0026,0.0006,,21583.0
148,lechriss17,lechris,Epic,48.06671403346069,46.21542499495255,33.27027983729791,63.582904740608235,45.20812734823017,1789.3763599999997,4,0.9480790745560754,0.7416762667879937,0.0099,0.0007,0.0007,82.6,7425.0
149,cryptodaaddy,Crypto Daddy ֎,Epic,48.0532991496076,59.14279224712296,19.48185047883843,30.497316636851522,66.38333003757168,2064.58674,7,0.9632469701956193,0.5789740661654053,0.0019,0.0006,0.0006,,24193.0
150,ChrisJourdan,Captain Zwingli 🍌🎙️,Epic,47.917332266396535,47.6101352715526,35.77992740191535,49.86657722122839,55.42386790587304,2376.5169530000003,4,0.9340027379135375,0.7696125275698805,0.009899999999,0.0011,,46.0,40539.0
151,AnnieNFTT,AnnieNFTT,Rare,47.5746470073565,42.6571774682011,41.044511378848725,57.47512298747764,51.4133873838244,1113.126385,4,0.9595453060268302,0.5293661983736049,0.002999,0.0019000000000000002,0.0011,70.1,7944.0
152,CryptoArter,Arter ✳️ 🫎,Rare,47.422666717317256,33.901070058550374,46.537380290392335,68.87272659511034,51.814415661459364,838.63005,3,0.8956233553492394,0.7945755562735138,0.0098999999,0.003,,99.5,7534.0
153,nftriles,Riles,Rare,47.25383049241999,43.256965475469414,50.203407009882916,45.33460047704235,55.64217915760332,1469.444904,5,0.8665364976765788,0.7997535694410118,0.0023,0.0022,0.0008,76.2,10164.0
154,ruledout_,RuledOut xD,Rare,47.06708843678743,52.84453866343631,47.54092235191632,25.342203339296365,59.56268538659284,3109.8829419999997,4,0.930717277702614,0.8879863624034686,0.0035,0.0018999999999999998,0.0008,,17676.0
155,Kaiz_294,Kaiz,Rare,46.94738990679017,59.547319806178066,22.02147049737411,29.974060822898032,58.7013051216136,2094.025076,6,0.9549967934778208,0.7349975598635622,0.009899998,0.0,,,9670.0
156,hankisinvesting,Henry,Rare,46.935855472009344,36.37674136886735,56.73868359787035,63.987049045915334,42.14900138421989,1327.442072,3,0.9462595482020569,0.43574045692861735,0.0097,0.0018,0.0007,95.9,7197.0
157,loshmi,Loshmi,Rare,46.840974282823694,49.2913133454472,70.36656570843319,27.871273106738226,45.86622503460549,3319.3632900000002,2,0.9864399311879019,0.8714939515946292,0.007,0.01649,0.00699,,40298.0
158,ZhugeLyang,LuBu (privacy szn),Rare,46.80635593770896,63.029880880274575,36.00023169601483,24.60092426952892,46.37779315799881,2386.409013,4,0.9873119119192302,0.9219731547799209,0.0029,0.0022,0.0006,,6288.0
159,TMoneyy,TMoneyy,Rare,46.48641027040653,30.94064203513023,50.23106528678817,55.7946668157424,65.61953727506426,1563.93436,4,0.8746766767108074,0.5544562547760841,0.02,0.0021000000000000003,0.0005,64.7,17317.0
160,manyaaww,manya,Rare,46.27479482337234,64.9778921865536,5.756410256410257,25.080575432319623,61.76043108562389,2355.275309,5,0.9771622357956359,0.728477245783948,,0.0,,,14599.0
161,shotguncaio,shotgun,Rare,45.856240834134404,61.68039571976581,5.756410256410257,25.996273106738226,65.53935139410717,4116.928066000001,4,0.9948082320030103,0.7104393096711067,,0.0,,,40676.0
162,WEB3Eliza,Eliza,Rare,45.8501383370794,56.37351100343226,5.756410256410257,52.63575208706023,46.01789598576231,1786.009056,3,0.9797223541669204,0.9086531711427313,,0.0,,70.1,88161.0
163,MINHxDYNASTY,۟,Rare,45.84211738285989,46.77589339794065,47.74435562763876,29.048598688133573,61.76705556654143,6051.303766999999,4,0.9052203734252049,0.6839211897158368,0.015,0.001,0.001,,71170.0
164,xerocooleth,xero 🎮,Rare,45.78761714683837,55.276953361599034,27.996936463803934,27.653249850924272,60.05754399841803,4936.621420999999,7,0.9125399911329913,0.5689195953768493,0.007,0.0005,0.0005,,71170.0
165,what3verman,✨whateverman✨🎙️,Rare,45.71260336145389,47.95363920856046,68.43224752788007,27.217203339296365,45.23640498319161,2983.995649,2,0.9883625844579615,0.8133776445020613,0.006,0.0072,0.005,,49650.0
166,degenBRO__,degenBRO,Rare,45.40836101998827,38.13024934383201,59.9342291202231,36.72748956469887,59.7809966383231,2118.059576,2,0.9648219195293324,0.6504820896366427,0.0035,0.0031000000000000003,0.0015,8.2,37058.0
167,leiane1,Leiane.eth  ☮️,Rare,45.350733906896586,43.62406622249142,13.888940376892183,68.28572227191414,46.19784457188056,1807.096376,3,0.9689539858801722,0.4574635205576416,0.00399,0.0,,85.2,91800.0
168,ToriRibolla,Tori,Rare,45.00032797467897,43.79709267110842,44.32638888888889,48.16051729278474,44.39835871069804,1782.235828,4,0.8919883895214618,0.9058953065168349,,0.0034400000000000003,0.002,49.9,6645.0
169,scottybmitch,Scotty,Rare,44.9994951445736,29.64688067837674,30.41755483472351,71.84609794275494,57.30284753806605,1097.212016,4,0.8594389832247584,0.608768122029322,0.0999,0.0,,98.2,16421.0
170,MrGreenity,MrGreenity,Rare,44.97573086507198,39.00504744599233,53.22561016762823,55.0442382230173,39.74797310658493,1563.745237,3,0.9274162137846491,0.7117006399221729,0.00699,0.0021,0.001,78.8,10755.0
171,ilodiwow,ilodi wow,Rare,44.84479590715767,55.70664243892591,35.97886417464731,26.955575432319623,49.256970535890844,2901.500194,4,0.9771964281379015,0.655327342403095,0.015,0.0005,0.0005,,91992.0
172,austiinxbt,awestin.eth,Rare,44.74566227365226,61.64768826973551,13.022976521470497,26.301505664877762,54.25420209610441,2941.50676,4,0.9810230942768511,0.854681459859021,0.0035,0.0,,,6404.0
173,0xchainBob,bobby,Rare,44.64788584017367,42.58350999394305,22.473277726289773,50.65895199761479,58.7013051216136,1795.389576,2,0.9775927987895703,0.7999344528371293,0.0098999999,0.0,,76.7,14091.0
174,thelearningpill,The Learning Pill 💊,Rare,44.14816290109993,48.73834039975773,44.428592575429924,25.778249850924272,55.423867905873045,2228.212556,4,0.9313293850552846,0.8255302560757435,0.00599999999999,0.0018,0.001,,23305.0
175,cartist00,CARTIST,Rare,44.011718139669874,36.04459418534221,39.27149624137576,55.40543008348241,51.19507613209412,1328.4859000000001,2,0.958688595768667,0.7748579761456038,0.008,0.0011,0.0011,84.1,36299.0
176,juliadziesinska,Julia,Rare,43.89623276266787,49.487987078538254,20.440145196169293,48.858974358974365,44.03846153846154,1083.41284,3,0.961013742690246,0.9070034401265993,0.00898,0.0,,57.0,48713.0
177,tulipxbt,tulip ✨,Rare,43.82299078050171,35.54391278013325,44.49855624855625,50.22160107334526,53.3439786434645,832.368174,5,0.8977124771492984,0.45759525393985356,,0.0025,0.0011,69.6,10648.0
178,AndrewAsksHow,Andrew Forte,Rare,43.74320754240664,52.84683525136281,29.467568993924417,23.031156827668458,59.15117658690923,1847.08743,6,0.9068203049900377,0.8092257976895803,0.009,0.0007,0.0007,,38416.0
179,triples_eth,TripleS,Rare,43.711690004271574,34.08398950131234,68.1244362411531,47.51259689922481,41.24925845362863,1434.9458,3,0.847145827254928,0.8642938123446062,0.007399,0.003839999,0.001,49.1,4545.0
180,smolgeeek,geek,Rare,43.5181644771796,31.792449020795484,43.4117109463495,62.27841756112105,46.64771603717619,1816.8088800000003,3,0.8683056869126458,0.6487306720216154,0.04,0.0009,0.0009,84.1,10054.0
181,MookieNFT,Mookie,Rare,43.50791266665567,47.01695941853423,25.14647049737411,33.636851520572456,61.26171643266758,2492.07849,4,0.926329550857656,0.7767806946476293,0.00999999999997,0.0,,,150737.0
182,Frenchiee,Frenchie.moca 🇫🇷,Rare,43.44150663376251,37.41833232384413,53.34963311318732,31.5438282647585,62.3414079493771,1746.698767,4,0.922009660114731,0.5145336959025311,0.001027,0.0029899,0.0009899,,13802.0
183,Jonasoeth,Jonaso,Rare,43.4171198194456,47.58000201897839,53.47936200797646,27.304412641621948,45.65799881352581,2472.185006,1,0.9971446098934805,0.9361022431912175,0.00299999999998,0.0034000000000000002,0.0011,,5048.0
184,pgreyy,pg,Rare,42.92336325990815,49.34706238643246,18.74586808773556,32.18824537865236,59.912102036780695,1665.1781099999996,3,0.9581257368587236,0.84600471701486,0.007,0.0,,13.8,8295.0
185,henwyeth,Henwy,Rare,42.82887930112992,36.82556026650515,76.0844102327536,22.682319618366133,53.66274471030255,1663.550481,4,0.8911834716802867,0.6900838816700723,0.005,0.008199989999999999,0.00129999,,4676.0
186,Napoleecrypt,Napolee,Rare,42.71767094406324,47.07919442761962,16.56213314797652,48.038424269528925,47.05625865137433,1295.41038,5,0.9202089042372403,0.7230226229185279,0.005,0.0,,70.3,6255.0
187,Smolpeach33,Smolnaut,Rare,42.422723934282395,26.491823137492425,32.45673720523118,67.89083929636257,54.06377298793751,1032.9025589999999,3,0.8602840747475593,0.6075534690644777,0.0035,0.0011,0.0011,99.7,5271.0
188,craigscoinpurse,craigscoinpurse,Rare,42.41046356884702,50.83949121744398,27.81966326845845,22.289877757901017,58.79127941467273,1811.2875999999999,3,0.9589257099905196,0.8615206949027353,0.0214,0.0,,,24909.0
189,davidonchainx,david 🔛⛓️,Rare,42.26865932758521,48.558525136281034,28.254440840284214,26.21429636255218,58.0331224045877,2741.1970180000003,2,0.9898200231581642,0.8536628809492919,0.005,0.0006,0.0006,,17088.0
190,thegreatola,Ola Ξlixir,Rare,42.25728790218881,54.55057540884314,35.432608639686954,20.676505664877762,46.377793157998816,1997.425279,4,0.9797298496272424,0.7029002994416217,0.004,0.001,0.001,,106111.0
191,Houseofyogi,Yogi,Rare,42.09271229410889,59.28124369069251,5.756410256410257,26.999180083482415,50.60658493177773,2797.193692,3,0.9768750752948461,0.9244136031637945,,0.0,,,36902.0
192,3liXBT,"3lixbt (🗣️,🤝)",Rare,41.860434527064406,34.50835352311729,39.137907137907135,40.30485986881337,61.130611034210006,2314.801644,2,0.9448814965669806,0.6613151324053176,,0.0016999999999999997,0.0006,13.0,16590.0
193,ethmaxi,big daddy brando,Rare,41.77919624366655,38.22034625479507,48.768838173205644,35.06235092426953,51.73492189044888,2047.4818119999998,2,0.9617712940046252,0.7022146508051487,0.007,0.0017000000000000001,0.001,3.8,164606.0
194,dreweth,Drew,Rare,41.72614774847454,44.60150413890571,20.779000617856042,50.135584376863456,41.727407553885705,1898.541779,1,0.9909542133734872,0.947139421084137,0.009,0.0,,60.9,10299.0
195,iMithrandir_,iMithrandir 🪄,Rare,41.666220203561586,35.873611952352114,31.265941973020283,47.65619409660108,54.742436227012064,1621.385605,3,0.898942097841758,0.7519838332476875,0.004,0.0008,0.0008,8.7,3994.0
196,raidenkrn,Raiden,Rare,41.65750468409597,27.354482132041184,41.09294871794872,73.71664430530711,35.24925845362863,721.5324469999999,1,0.9271540906809437,0.8975830910405581,,0.004,0.004,99.7,41043.0
197,ryandcrypto,ryandcrypto,Rare,41.51368017946143,58.74338784575006,5.756410256410257,28.045691711389388,47.637433260826576,4318.1675510000005,3,0.9587640620591543,0.9856028455577505,,0.0,,,233956.0
198,youfadedwealth,Faded 🦇,Rare,41.48900892581222,49.11932162325863,29.739843991350014,20.720110316040554,58.16145936325884,1734.263203,3,0.9744695066403922,0.6922420722995849,0.05,0.0,,,49551.0
199,ZKernaut,ZK-Messirve ✳️,Rare,41.06306670452443,34.481324449828385,55.65570772347881,50.65464743589744,32.90992683409136,455.08469599999995,1,0.9686147186147186,0.9512508563557935,0.00148,0.005299999999999999,0.0009,90.8,1328.0
200,kaitodan,kaito dan,Rare,41.01921174081654,48.6628306077125,5.756410256410257,39.332476147883135,53.35445916551315,1747.9932450000001,4,0.9456402924359602,0.8035253278404353,,0.0,,28.9,11884.0
201,IdMintThat,Mick ➡️ ETH Denver ✈️,Rare,40.90309147713669,48.57238037552999,11.968759654000618,33.76766547406083,54.70407356140004,2075.680851,4,0.9628127910718761,0.5781680975658829,0.003,0.0,,,23942.0
202,zacxbt,zac.eth 🧙🏻‍♂️♦️,Rare,40.82998108498907,38.32707450030284,19.837735557615076,39.83784287418009,62.97122800079098,1903.7808690000002,3,0.9374063704119834,0.4818487672180794,0.008,0.0,,25.6,49969.0
203,holly_web3,Holly,Rare,40.753780427598656,39.00423985463355,44.919086602821544,26.519528920691716,57.67322523235119,3065.0174519999996,3,0.8445685846522327,0.8474326337731801,0.01,0.0011,0.0011,,51890.0
204,crazino87,Crazino.eth,Rare,40.672308303215125,46.426231576822126,22.473277726289773,24.20848240906381,61.17174213960846,2408.4479229999997,2,0.9859011053653736,0.8664061074930672,0.0098999999,0.0,,,5211.0
205,CasperOnChain,Casper (Vacay Arc),Rare,40.528194452373924,40.59077831617201,36.62407321594068,38.42113893858081,45.74797310658493,1593.2763400000001,2,0.9657507888369872,0.8370600313679573,0.007,0.0010999999999999998,0.0006,20.7,17847.0
206,AlphaWolfPRMR,AlphaWolf,Rare,40.50449807383675,46.30668281849385,23.482275254865616,30.540921288014314,52.54469052798101,2353.325455,4,0.9338779441368457,0.7529084875453036,0.0021,0.0010999999999999998,0.0006,,6141.0
207,Oxxyy13,Oxxyy,Rare,40.32457056031562,33.96951342620633,47.31533184018124,40.70087954680979,47.99436424757761,900.397707,4,0.881522463471903,0.7663983490988157,0.00999,0.0016,0.0008,68.8,6616.0
208,SHL_eth,SHL,Rare,40.15885013765121,41.86397133050676,56.09667516218721,23.903249850924272,43.31866719398853,1510.0068860000001,1,0.9860911270983214,0.9467421628378003,0.0098999999,0.00169,0.00119,,7264.0
209,elenionchain,Eleni,Rare,40.078821756530864,47.4076317383404,24.205205437133145,22.028249850924272,57.35169072572671,1754.20423,7,0.8972599697127536,0.6989729965377188,0.00989999999999,0.0,,,9868.0
210,swandogs,SWANNY 🔺,Rare,39.866292390247274,47.23561477892187,44.3227203686541,20.109645199761484,43.76853865928416,1096.179334,3,0.9577298474861738,0.8737547953569877,0.0149,0.0013,0.0007,,23379.0
211,Oxydo11,Maragkos Petros (MDX),Rare,39.778924077013635,23.550449222693317,78.57898607597403,48.542002087060226,34.681135060312435,687.393836,2,0.9084226230349588,0.6624713807081858,0.009899999999,0.00558,0.00118,85.4,7435.0
212,justmeg,Meg,Rare,39.64796865023275,49.521704017767014,35.995893831737206,18.1474358974359,46.377793157998816,1661.126947,4,0.9524156820361206,0.8014780881337158,0.005,0.0011,0.0011,,20585.0
213,SOLHUSTLER,HST 🌋,Rare,39.190765184933376,38.83971835251363,57.76524044897539,23.346153846153847,44.21841012457978,1478.02113,2,0.9900002079063828,0.6469476776867816,0.01,0.0017000000000000001,0.0011,,1132.0
214,Deviled_meggs_,Deviled Meggs,Rare,39.01930017176858,40.09082879063193,44.411762434352795,21.94104054859869,52.36474194186275,1591.688991,2,0.9711445171582596,0.7883526130516012,0.0021,0.002099999997,0.002099999997,,40410.0
215,thebbz,thebbz 👷🏼‍♂️,Rare,39.01033219256864,46.249343832021005,40.95434301307795,14.3974358974359,50.655230373739364,1725.470217,4,0.9254483891419103,0.8512278555674346,0.01,0.001,0.0005,,1540.0
216,twenty3ry,Twenty3ry,Rare,38.999376291021754,33.13835049464971,50.7171950101167,30.40464743589744,52.40310460747479,440.64524400000005,1,0.9683685289138376,0.8991847092928914,0.0014,0.005,0.0008,26.1,906.0
217,hyperstrike,Hyperstrike⚡️,Rare,38.685383578327624,35.80557238037552,73.10143536724863,21.068947525342878,39.17984971326874,1006.0424899999999,1,0.9602030003903854,0.9325541234146396,0.0245,0.00415,0.0015,,5381.0
218,enftsar,ensar ✳️,Rare,38.65834031811896,29.46073087017969,60.999623059111016,27.132118366129998,54.47251334783468,1574.3260890000001,4,0.8588666094396863,0.47441656504832214,0.003999,0.0057,0.0008,0.3,6513.0
219,CreateWithTony,Tony,Rare,38.56306329108011,34.06904906117505,14.948717948717949,51.03846153846154,51.364544196163735,478.749202,3,0.9483787120836039,0.6442245660365228,,0.0006,,73.1,2203.0
220,bigZUKO_,mayowa 🍀,Rare,38.445436008703794,38.360614778921864,50.042665290406255,24.295691711389388,46.197844571880566,1850.349234,2,0.9611011004080992,0.7391812905669288,0.003,0.0026,0.0008,,9127.0
221,molusol,molu,Rare,38.26632603926601,34.888880476478896,48.67950648748842,26.911970781156832,50.60658493177773,2339.4488069999998,2,0.94476852626426,0.6718873574680346,0.00489899999999,0.00169,0.00119,,13644.0
222,themansion_eth,Yasmina,Rare,38.060290923393445,36.63860286694933,34.89701720951721,28.011851520572453,54.97399644057741,2159.391617,4,0.8802476381029126,0.7238167366465165,,0.0022,0.0008,,19653.0
223,JefferyCrypt,JΞFF🧸,Rare,37.93345093105056,36.15041389057137,67.40392286401323,21.330575432319623,38.66828158987542,1210.0948939999998,1,0.9629022363504545,0.9031276789851869,0.0021,0.0036999999999999997,0.0015,,40582.0
224,CuzmanovS,Sasha Cuzmanov,Rare,37.93278659210592,31.16020593579649,41.565248172175885,25.57692307692308,63.6401028277635,1256.0633799999998,5,0.8661195179164463,0.3463000033592132,0.0062,0.0015,0.0009,,1471.0
225,Teacher96_Katie,Teacher96-(Katie),Rare,37.8376160342397,17.291338582677167,28.12086808773556,78.6516100178891,41.336266561202294,359.598099,3,0.8145315337925446,0.45124111352574525,0.024899999,0.0,,100.0,8940.0
226,PopPunkOnChain,Pop Punk,Rare,37.81982345393261,29.751943266707045,70.37935073627844,26.824761478831253,42.987047656713465,2257.66212,2,0.9262369094299541,0.5579252665309865,0.00989999999999,0.010700000000000001,0.0097,,31106.0
227,greenknight_sol,GreenKnight (DKS),Rare,37.61480537916492,41.04906117504543,38.34132684584492,25.831618962432916,43.40864148704765,1443.900603,3,0.9402141579616998,0.7531571916091967,0.0098,0.0018,,,3421.0
228,PlatyMama_,🥚PlatyMama,Rare,37.57916769290062,19.070336159903086,47.800725424219394,51.472570065593324,52.804132885109745,595.5632459999999,2,0.8881307250377191,0.6079006473106863,0.00239999999997,0.003,0.0011,86.4,14635.0
229,VideHaldorsson,Vide Haldorsson,Rare,37.55061828441138,27.445285685443164,29.41028859025847,57.193612104949324,42.287621119240654,747.691793,1,0.928236015838492,0.8804615173544329,0.00189999999999,0.0018,0.001,95.4,4227.0
230,brave_raf,Dr Rafa,Rare,37.43892157265135,39.30466384009691,35.11058979507774,33.25415548598689,40.079592643859996,1016.6290079999999,3,0.9296188047940411,0.7825658483831864,0.009899999999,0.0008,0.0008,26.1,10409.0
231,Scooter_420,scoot,Rare,37.32986008737273,31.17262265293762,43.8580254837785,24.949761478831253,59.60104805220486,2035.380714,3,0.850780040699305,0.6458602417519715,0.00144999999,0.0031,0.001,,49322.0
232,connetwitheasy,𝐞𝐢𝐳𝐳𝐢𝐞🍡,Rare,37.035782478419634,36.85899959620432,20.42685485531871,33.02813804412642,54.47251334783468,1354.321058,2,0.9532145254125488,0.8559883075079233,0.00209999999999,0.0008,0.0008,11.5,2543.0
233,KalkixWeb3,Kalki,Rare,36.976963111486704,30.158439329699167,60.65266071214866,27.88301282051282,43.997132687364044,283.501336,1,0.9542605958002911,0.9369024694063451,0.009899999999,0.0021,0.0007,17.6,842.0
234,Jackhaldorsson,Jack Haldorsson,Rare,36.904761814126566,37.28793155663234,53.069959324477395,20.63290101371497,42.68884714257465,1270.159606,2,0.9595343879934812,0.8122856442562025,0.0098,0.0056,0.0011,,11602.0
235,Wezaverse,Adam Westerén,Rare,36.88404201922249,37.337371290127194,38.572926320667285,23.292784734645206,50.295333201502864,1447.9557180000002,3,0.8743524535507393,0.9132673399826028,0.003,0.00119,0.00119,,10122.0
236,SirJoey,Sir Joey,Rare,36.54214184375456,47.46393599838481,5.756410256410257,24.99336612999404,49.97676488036385,2350.560465,2,0.9863130078668955,0.884546481860077,,0.0,,,11122.0
237,thekuchh,kuch (vibecoding arc),Rare,36.51121992781947,28.242908338380772,64.49732679853162,18.365459153249855,53.752719003361676,902.1871970000001,2,0.9274443049142616,0.7499653345200675,0.0048,0.0053,0.0034,,49229.0
238,dachshundwizard,DachshundWizard 🧙‍♂️,Rare,36.48784363223241,45.45442156268927,5.756410256410257,25.254994036970782,53.62438204469052,1880.90091,1,0.992381908426747,0.951753102014688,,0.0,,,49965.0
239,MeetAminX,Amin𝕏,Rare,36.477922898179784,37.42943670502725,52.80170039130883,20.414877757901017,40.709412695273876,1197.961337,3,0.9204659289309451,0.7525306714739696,0.00119,0.0048000000000000004,0.0008,,6973.0
240,Abstract_Hzn,Abstract Horizon,Rare,36.403785699123205,40.594311528366646,26.7409188034188,19.106738223017295,54.74243622701205,1483.9848229999998,2,0.9589031583552245,0.9385780556997334,,0.0014,0.0008,,8815.0
241,Jai0xCrypto,"Jay.eth, CFA",Rare,36.35559503589738,36.002548960226115,35.30652739161775,23.68522659511032,52.45471623492189,1659.0962959999997,2,0.9573870975392902,0.7300008695181248,0.0021,0.0016,0.0008,,18009.0
242,0xfs7,FS7 🌊,Rare,36.25489539998583,23.206667676155863,24.610641283081044,62.13508124627311,42.627150484476964,2029.453643,2,0.8445708335763893,0.647478241705033,0.00499999999999,0.0007,0.0007,89.0,18049.0
243,GemsScope,GemsScope,Rare,36.23735536811408,38.421739349888945,37.695931160539594,27.696854502087067,40.37779315799881,2735.477051,2,0.9514446715816334,0.7446321978644086,0.009899,0.001,0.001,,172494.0
244,treeonchain,tree,Rare,35.7635147174237,29.9765798505956,52.105807846771704,19.717203339296365,54.11261617559818,921.7426529999999,3,0.8181823771187829,0.8683709088118431,0.1,0.0015999999999999999,0.0006,,33710.0
245,thegaboeth,THΞGABO🍌,Rare,35.57107283729638,43.45692004845547,17.239843991350014,23.72883124627311,46.377793157998816,1857.317012,2,0.9770714088980086,0.8297032670199667,0.0055,0.0,,,91444.0
246,defidarling,sara,Rare,35.50287177795033,39.43859781950332,44.30383714344558,20.371273106738226,38.03846153846154,922.846352,2,0.97409706557128,0.8388132904274891,0.009899,0.0012,0.0012,,90029.0
247,coinempress,vana,Rare,35.46229217842807,36.99149505350292,50.99558212058212,22.33348240906381,35.699129918924264,1395.736976,2,0.9589457757504235,0.7833163882069865,,0.00449999999992,0.00279999999992,,5896.0
248,shannholmberg,Shann³,Rare,35.38845542197793,32.1785534019786,62.17200211100813,18.06022659511032,41.96905279810164,890.368734,2,0.9292267869745903,0.8863405708344845,0.05,0.002,0.0012,,20215.0
249,AshleyDCan,Ashley,Rare,35.35349603792237,43.6422370280638,5.756410256410257,28.525342874180087,47.997330433063084,3774.42895,3,0.9377507947970235,0.5203962015621678,,0.0,,,190710.0
250,Elminselimov5,el1000.mega | ∑:,Rare,35.09642461499365,17.3860539067232,73.94192744644552,40.50823643410853,36.93049238679058,823.845292,2,0.8803683169476181,0.4565747630612189,0.0098,0.0064,0.0011,42.5,8935.0
251,EscanorDz100,ESCANOR ⨀⚡️,Rare,35.063713413590136,27.887744801130623,11.968759654000618,43.818984794275494,57.38590073165908,881.90431,3,0.8330672012173679,0.7769006964751523,0.003,0.0,,39.6,2872.0
252,yonann,Yonan,Rare,34.81999399600026,17.965500706642434,34.397538873442485,54.65201997614789,47.724441368400235,861.744769,2,0.8217067084103367,0.6825455217404501,0.00999999999997,0.0005,0.0005,89.3,4997.0
253,shredder_tegg,SHREDDER,Rare,34.818252977454236,28.61283565515848,45.73502238336576,23.7724358974359,52.36474194186276,1609.4631339999999,2,0.9378366966945022,0.5017342367976754,0.0016,0.0021999999999999997,0.0012,,13797.0
254,tolibear_,toli,Rare,34.6614902202114,26.85241267918433,30.078699413036762,32.96209749552773,56.45194779513545,1324.437704,3,0.8368936540599909,0.6456898832005131,0.0669,0.0,,36.3,30016.0
255,DailaX,Daila,Rare,34.564734769537665,37.61518271754492,34.462606837606835,17.885807990459156,47.41615582361083,800.0245649999999,3,0.9286291636103332,0.7710186553646428,,0.0054989900000000005,0.0005,,24465.0
256,Dbiljonaire,DB,Rare,34.488853562618814,30.90167575206945,41.968465337441245,16.054412641621948,57.61182519280205,941.6768870000001,3,0.8244857661295845,0.8834597408387724,0.00144,0.0018,0.0006,,5760.0
257,BlueTigerX_,BlueTiger,Rare,34.13041280737529,29.368943064809198,31.54243255071568,20.066040548598693,62.24451255685189,1235.406185,2,0.9386030229545314,0.6725087687083464,0.0029,0.0013,0.0008,,21902.0
258,onchainmo,moritz,Rare,34.05272413584747,20.730239248940038,52.14355498918752,38.75974582587955,43.04874431481115,896.679665,2,0.8950748195883282,0.5223715248998142,0.006,0.002,0.0015,32.0,43450.0
259,fimmonaci,fimmonaci,Rare,34.0183165423566,25.15170098929941,59.84307743795696,32.92281604054861,34.529464109155626,972.1328149999999,2,0.9181468511371069,0.624289353931317,0.008,0.008,0.008,10.7,13240.0
260,jennn_sol,jennn,Rare,34.00475518162829,24.999798102160305,56.4436077643909,17.667784734645203,54.87354162546965,943.666796,3,0.8648143706238914,0.5918033789730744,0.015,0.0019000000000000002,0.0011,,11695.0
261,OUchrisNFTs,OUchris,Common,33.939936054272614,9.896527357157277,64.71573473380703,69.77964743589745,20.133577219695468,83.73940900000001,1,0.884314948468918,0.08129292345706589,0.00989,0.0055,0.0055,100.3,10650.0
262,Naeven_,Naeven,Common,33.63231793005775,33.372072481324444,5.756410256410257,36.59097346451998,51.68331026300177,1072.183043,2,0.9439403622784744,0.8117212146453661,,0.0,,20.5,3194.0
263,jeg6322,EWL,Common,33.62695214903475,36.11561175045427,29.011739264751313,22.725924269528925,44.39835871069804,1420.657238,2,0.956328698068009,0.7790223403391152,0.0098999999,0.0006,0.0006,,11501.0
264,Nick_Researcher,Nick Research,Common,33.52294030180703,32.28207651928124,5.756410256410257,35.44573643410853,54.742436227012064,1393.575599,2,0.9488189827715481,0.6674041142190928,,0.0,,11.3,10498.0
265,ItsTymo,ItsTymo,Common,33.31081600430512,33.82192610539067,38.40765765765766,17.536970781156832,46.55477555863159,768.547652,3,0.8952039010331431,0.8044444216797157,,0.0015999999999999999,0.0006,,7231.0
266,threadoor,threadoor,Common,33.25923148394063,37.84958610942863,18.508984656575016,19.76080799045916,50.205358908443735,1409.7730600000002,4,0.8482444284644297,0.9089352833502032,0.0021,0.0005,0.0005,,16902.0
267,SquiddyNFT,"SQUIDDY {✊,🎮}",Common,32.59281830506156,31.366646476882707,26.498835083925442,30.809481216457964,41.78910421198339,1073.124669,4,0.9055422460944882,0.4394741564568307,0.0021,0.0016,0.0008,,16139.0
268,zera_chielo,Zera | ∑:,Common,32.576134839774284,14.29837976983646,80.22735762871305,40.06246273106739,26.61172631995254,296.586073,2,0.8202841415720672,0.6394471970932567,0.07,0.006900000000000001,0.003,64.5,13516.0
269,FourVork,Praetor,Common,32.25645660047201,39.64317080557238,21.940788796210484,20.54569171138939,37.94848724540241,1656.915792,2,0.9707927216099348,0.7507666625255234,0.0014,0.001,0.0005,,6678.0
270,SwannyNFT,Prince Swanny👑🪖,Common,32.18424666299757,33.84693620028265,5.756410256410257,36.46675611210495,43.58859007316591,1327.746138,2,0.9558062611658869,0.7139317567450549,,0.0,,12.3,12793.0
271,bunya_eth,Bunya🏀Vibunya Arc,Common,32.01543019933852,16.989980819705227,31.41899006281536,58.90788983303519,33.08987542020961,695.918591,2,0.870262720590702,0.5747966253113335,0.0025,0.0012000000000000001,0.0007,92.8,17282.0
272,Sinsonx,Sins,Common,31.985757753902202,22.44738037552998,57.08496477246477,23.336389385807994,43.13871860787028,1429.53603,2,0.8953259098147839,0.4877009553200402,,0.0073999999999999995,0.0007,,9029.0
273,depressivehacks,depressivehacks,Common,31.830891463060798,19.891454673934987,69.2362582693908,18.234645199761484,44.4853668182717,666.305558,2,0.8915070349494262,0.595921370772449,0.0042,0.00407,0.00117,,5805.0
274,T_A_K_E_N_1,Taken🎒,Common,31.771093974363872,29.0644054108621,30.307718051693953,26.802064698867024,44.26705556654142,756.457438,3,0.9083377454165902,0.5557432032993789,0.00144,0.0015,0.0009,0.8,11619.0
275,MalayAhmad,Ahmad Malay 💎🔊,Common,31.688443563499128,34.70341207349082,9.257916280506642,14.3974358974359,62.06456397073363,1921.6059229999998,3,0.8756155326645917,0.7681015091243281,0.0021,0.0,,,2558.0
276,PoyoEB,Poyo,Common,31.662749082047526,36.93849687058348,19.518535681186282,23.074761478831253,39.56802452046668,1382.753815,2,0.9400889018803669,0.96756336915422,0.0020999996,0.001,,,41898.0
277,PixassoHQ,Pix 🎨,Common,31.561534223527083,23.177342014940432,26.719075018020803,42.424139087656535,40.308186671939886,671.962713,2,0.9160078741909669,0.6377191397975126,0.00629899999999,0.0007,0.0007,22.0,8191.0
278,Sanza,Sanza,Common,31.4752522684961,39.32323844134868,5.756410256410257,21.8974358974359,45.2981016412893,1358.797924,3,0.9401078983556449,0.6573307551647654,,0.0,,,35373.0
279,Jakeronthia_,Jake,Common,31.429812325448882,25.367580254391275,46.019893677273195,27.732073643410853,37.47033814514534,648.336091,2,0.9075333691881031,0.7718905777530085,0.003899,0.002,0.0012,4.3,12451.0
280,solfrater_sol,SolFrater,Common,31.41330608050034,24.758631132646876,59.37293543543544,14.3974358974359,43.986652165315405,201.70685600000002,1,0.9270248596631917,0.9305252160497522,0.00099,0.0096,0.0008,,1728.0
281,Y4NGO,YANGO,Common,31.30098297051297,20.83787603472643,31.522545309442897,37.937723613595715,45.47508404192209,357.435427,3,0.8251694569498104,0.6375840431215524,0.0026,0.0014,0.0008,12.8,15116.0
282,0xumutcan,umutcan ✳️,Common,31.242321729077414,19.70522915404805,28.81865281639378,45.694394752534286,40.66808384417639,594.349291,3,0.849285219779269,0.32391500748248714,0.003,0.0008,0.0008,80.6,9808.0
283,bitrusxbt,bitrusxbt,Common,31.14912092672335,11.322001817080556,77.09943272744478,23.642628205128208,46.955803836266554,292.200983,2,0.8205190711676277,0.5182131644786946,0.0098999999,0.0092,0.0009,3.3,2011.0
284,dustinvibes,dustinvibes,Common,31.03358630068139,4.68150615788411,60.69050961294937,71.01282051282053,18.1541427723947,70.64455000000001,1,0.8064985595057769,0.0,0.00499999999999,0.0043,0.0012,100.0,10034.0
285,0xChvd,Jay,Common,30.582036437073647,25.401852412679187,19.837735557615076,22.24839743589744,59.102333399248565,1288.541866,2,0.8405397398200125,0.8971271487275571,0.008,0.0,,0.3,1099.0
286,josephweb3,Joseph,Common,30.579488641439838,35.62944175247324,7.450687364843992,21.723017292784736,47.50613011666996,1243.571367,2,0.941676618608882,0.8998163785605029,0.0017,0.0,,,8742.0
287,Kudabajingan,Kuda 🐴,Common,30.436943060146177,15.432187563093075,54.23036028382414,34.83113446630889,39.04854656911212,627.077053,2,0.784797428029242,0.6753947262048563,0.00209999999999,0.0032099999999899995,0.0012,19.2,7040.0
288,matchayuma,oatmilk (iron man arc) 🍵🌸,Common,30.41176535266422,31.217645871189177,23.41454278653074,24.741502683363148,40.488135258058136,688.3976089999999,4,0.8894665284612727,0.6589302693060803,0.009899999999,0.0,,,7942.0
289,djDriverless,Beamish,Common,30.328246529294177,17.295956995760143,58.22433949241177,33.00873956469887,33.691417836662055,656.7913490000001,2,0.8829700954553117,0.4684285026774786,0.00113999999998,0.00633,0.0013,22.0,5304.0
290,Sonika_KK,Sofia,Common,30.189895880156087,20.32904300423985,48.56780100304197,38.522435897435905,27.531837057543996,122.32542600000001,1,0.9064718286851406,0.838590407927168,0.003,0.0033,0.0011,66.0,2675.0
291,yvohvn,yv,Common,29.94601504465161,25.875126186149803,57.67250794585132,14.3974358974359,35.580877990903694,202.030832,1,0.9352817131485937,0.9011863458527704,0.003598999998,0.0051,0.0008,,849.0
292,ghostdotxyz,Ghost,Common,29.940678109079652,24.653518069856652,47.9780285382695,20.502087060226597,38.3700810757366,989.4734579999999,2,0.9136826117828004,0.6136183840215726,0.003,0.0034800000000000005,0.00109,,7138.0
293,Telcier,Telcier,Common,29.91800882941298,14.460554209569954,65.62520073363447,39.688357185450215,24.36236899347439,352.29262500000004,2,0.8384718261210331,0.5829389930882338,0.0149,0.0027,0.0013,43.2,9713.0
294,nftboi_,NFTboi 🥷,Common,29.870335189754577,29.64789016757521,22.823943208732366,17.580575432319623,49.755487443148105,683.3883500000001,3,0.8915864318257593,0.7157156950364133,0.00149,0.001,0.001,,111977.0
295,Danny7xEth,danny7x.eth,Common,29.810839316938385,15.708484756713101,52.39789963735747,36.28685897435898,35.038066047063474,189.145222,2,0.8884842047069799,0.5592346748814186,0.0022299999998,0.00553,0.00223,36.1,7034.0
296,Potterplays1,Potter🧙‍♂️,Common,29.066457499333772,22.525338178881483,51.72309108227783,17.36255217650567,39.26982400632786,615.795605,3,0.8739350272254797,0.457399120449595,0.0097,0.009599999999960002,0.0007,,20669.0
297,Daco1008,Daco,Common,29.065115215794435,19.29222188572582,25.328892493049118,39.57135137149672,40.308186671939886,459.79586800000004,2,0.8436639087553801,0.7937299502850537,0.0017,0.0010999999999999998,0.0006,64.7,10945.0
298,Mide_ox,X,Common,29.063584716956534,26.690490611750455,42.385806044691584,17.711389385807994,37.11044097290884,854.995494,3,0.8918545846359024,0.5350094834522485,0.00989989991,0.0013,0.0008,,8902.0
299,iiamthatguyy,Anthony prev (The Honored One),Common,28.780058373321296,28.456137694326667,41.87356477190815,22.24839743589744,27.151572078307304,210.948977,1,0.9472214796994267,0.9207232242509067,0.005,0.0015999999999999999,0.001,0.3,1189.0
300,mountalba,mountalba,Common,28.66682277681293,16.682944679991923,39.5133547008547,32.73688133571855,41.01750049436425,292.854143,2,0.8109877348054729,0.7774171349499932,,0.0017499999999999998,0.00115,28.6,5344.0
301,sanjaybuilds_,Sanjay,Common,28.620299980709618,31.273344437714513,18.74586808773556,21.24336612999404,38.9382044690528,1175.080435,2,0.9421788631644805,0.7251726022859212,0.007,0.0,,,56823.0
302,mayamaster,ɱɑყɑɱɑεʂƚɾ,Common,28.543963679449092,6.043559458913788,65.93032716451391,48.88541666666667,24.36236899347439,75.798614,1,0.8261605631292881,0.07249478619046096,0.0097,0.0032999999999999995,0.0008,85.7,16458.0
303,DoggfatherCrew,Doggfather,Common,28.267500316548325,16.56316878659398,34.02640690969004,38.74297480620155,36.48062092149495,360.54342999999994,2,0.8449033128482512,0.6806425956481104,0.002,0.0016,0.0008,62.4,23887.0
304,sirceen,ceen,Common,27.835596048546794,9.662452049263072,53.49464368214368,46.133795468097794,25.711983389361286,266.770866,2,0.7761640139906252,0.4132315210148066,,0.0067,0.005,81.8,12590.0
305,_yourbros,bros / bad actor,Common,27.71245031631486,21.190263476680798,50.802356863350845,18.71429636255218,34.4394898160965,732.4013040000001,2,0.9021801751328153,0.5437993067958332,0.0035,0.0024000000000000002,0.001,,21038.0
306,mhknft,mhk 發,Common,27.65200713312329,22.275666262870985,37.31476425452329,17.231738223017295,43.67856436622504,677.391769,2,0.9106382896890186,0.5908185950527507,0.0048999999,0.00879999999999,,,92085.0
307,stake_mm,stake_m,Common,27.596495280658694,15.353043609933374,56.209511295354666,28.081358079904593,31.29038955902709,497.945267,2,0.85337807273561,0.5256788086531867,0.005,0.0035900000000000003,0.0011,5.9,19592.0
308,Aizcalibur,Aiz,Common,27.378050811246773,16.77586816071068,65.354132921151,16.926505664877762,33.17984971326874,573.8957660000001,2,0.8715514410177285,0.5600652189016836,0.0099,0.0031000000000000003,0.0012,,24430.0
309,auntiepaca,Lil Auntie 🌮,Common,27.10315562725774,13.472668079951543,32.28311965811966,43.800723017292796,32.64000395491398,437.52523099999996,2,0.8243837648405734,0.5678088431272502,,0.0037,0.0005,65.2,31920.0
310,Airdrops_one,Grey Ledger,Common,27.076624860976764,24.05834847567131,32.953268201009166,14.3974358974359,43.58859007316591,71.055899,1,0.9365588523567674,0.8673293216182205,0.003,0.0014,0.0008,,145243.0
311,jyp_nft,JYP,Common,27.00090621330086,20.80125681405209,40.459639841416944,20.807319618366133,37.04874431481116,999.570425,2,0.8948616140501124,0.4896286770534936,0.0049,0.0015,0.0008,,20638.0
312,THE_INKSOMNIA,Seinde,Common,26.931765236171927,17.94924793054714,41.29274791473587,31.924493142516404,29.28267747676488,229.0351,2,0.7643405724498188,0.9169303018173329,0.009899999999,0.0010999999999999998,0.0006,29.7,10637.0
313,DaSpookyMan,Spooky,Common,26.919990860293144,23.58825459317585,34.02640690969004,19.586389385807994,37.02046667984971,886.4869699999999,2,0.9205403600135129,0.5206939213124042,0.002,0.0016,0.0008,,7206.0
314,hannahhughes,Hannah Hughes,Common,26.91934706974437,16.613517060367453,67.287624858408,15.923598688133573,30.930492386790583,266.69241,1,0.7904745970665328,0.9704482853486532,0.015,0.00479999999997,0.00279999999997,,29350.0
315,LucBerkefeld,Luc,Common,26.90732370872167,23.208257621643448,27.432177427659358,17.754994036970785,44.80690132489618,526.2235079999999,1,0.8900451731637945,0.9551594482846285,0.0069,0.0005,0.0005,,29754.0
316,morsyxbt,Morsy,Common,26.769643675640864,23.33562992125984,15.394964473277728,24.034063804412643,45.6579988135258,1636.547472,2,0.9032811601560773,0.41396858575218054,0.00498,0.0,,,10260.0
317,Nxtlvl,NXTLVL👑️.eth | Polygon Labs,Common,26.65776893912654,23.760675348273768,38.50145453609309,19.804412641621948,31.74026102432272,892.0533330000001,2,0.9098298265958203,0.6075459610826883,0.04,0.0005,0.0005,,9092.0
318,the_jujukey,JUJU ☀️·,Common,26.626835196722176,12.427897233999596,31.402520337761302,49.766845557543235,26.251829147716037,444.09439399999997,2,0.8225352997473714,0.44788304283561653,0.003,0.0011,0.0011,88.7,9354.0
319,Shtihmas11,Shtihmas 🫎 π²,Common,26.56143319324729,23.892994144962646,44.18887156387156,18.01662194394753,28.771109353371564,590.994871,1,0.8943505660587809,0.9690598357966251,,0.0023,0.0009,,10093.0
320,yulikay,Yuli Kay,Common,26.52984080054918,14.441474863718957,61.433509679744624,17.188133571854507,36.48062092149496,539.78142,2,0.8525930498584292,0.4607854467230601,0.01,0.0054,0.002,,13754.0
321,Carl_m101,Carl,Common,26.481751839918836,27.415606703008272,23.28472222222222,19.23755217650567,35.24925845362863,731.5862669999999,1,0.9286487089398249,0.8680033552416038,,0.0012000000000000001,0.0007,,25602.0
322,CelticMatheus,Matheus Celtic,Common,26.468712587839654,22.73993034524531,5.756410256410257,23.64162194394753,53.08453628633576,1650.7296629999998,2,0.8955608247964579,0.4717940369651161,,0.0,,,37578.0
323,thejasich,jasich.eth | collab manager,Common,26.42730744925215,20.13241974560872,31.218000205952016,17.798598688133577,45.97656713466482,643.041619,2,0.9017003665177988,0.5225833295115443,0.00189,0.0012999,0.0012999,,21216.0
324,0xkovv,Kov (effort arc),Common,26.287641667792165,25.79297900262467,7.977795798578931,28.078003875968992,38.99990112715048,686.4458380000001,2,0.8825849451419885,0.8980370588912227,0.002,0.0,,3.8,15521.0
325,moneyfet1sh,moneyfet1sh,Common,26.282630530136473,20.35170603674541,31.72434610235815,19.411970781156832,42.55754399841803,845.113277,3,0.791091036998433,0.4653447698859361,0.0098999999,0.0005,0.0005,,5866.0
326,yellowpantherx,yellowpanther 黄豹 💎,Common,26.212119618275,27.221103371693918,5.756410256410257,21.504994036970785,44.84823017599367,1162.0762249999998,2,0.9273327235031008,0.6446741435957729,,0.0,,,172945.0
327,krpisoweb3,krp,Common,25.551590313164155,10.636911972541894,46.609630483124455,32.48084376863447,33.11024322720981,365.330696,2,0.748616653322624,0.5142494130873763,0.0035,0.0019,0.0009,19.4,4597.0
328,0xasrequired,as required (LI.FI/Jumper),Common,25.518888188452856,21.376287098728042,29.13074091236742,31.733750745378654,24.36236899347439,491.593557,1,0.880910155596453,0.9200413264562138,0.009999999999,0.0005,0.0005,16.4,4434.0
329,Drewfromweb3,Drew,Common,25.33403325867386,19.937209771855436,31.066239316239315,17.144528920691716,41.78613802649792,514.805426,1,0.8709497518264459,0.8996726505082305,,0.0014,0.0014,,6379.0
330,bigwil,bigwil,Common,25.10419060497969,28.28248031496063,5.756410256410257,21.76662194394753,36.77882143563377,1206.493692,2,0.9308710636409343,0.6469724641666796,,0.0,,,13388.0
331,OGLemur,Lemur,Common,25.02700203278636,7.082853825964062,59.89922771473976,22.24839743589744,39.7509392920704,159.14061099999998,2,0.6333450619415768,0.48397920215973106,0.0098999999,0.0018999999999999998,0.0008,0.3,6079.0
332,0xAmne,Amne,Common,24.866355522011098,18.223955178679585,50.91495295109753,16.534063804412646,28.861083646430686,344.280834,1,0.8347219898499805,0.9374315039564474,0.001399,0.0051,0.0006,,18571.0
333,BlueWolfNFTs,Blue 💙🐺🐐,Common,24.67945405863472,12.2943418130426,42.65383328184533,34.59723464519977,25.801957682420408,411.229536,2,0.8279824683423537,0.41583982845154593,0.0098999999,0.0016,0.0005,35.3,9640.0
334,Love2Ideate,Ｒ��ｃｋ 🪨💡,Common,24.64380856107825,8.007318796688875,25.19017094017094,62.344551282051285,15.814811152857423,71.35487700000002,1,0.8672072232617541,0.04272081047513863,,0.0011,0.0011,97.7,8273.0
335,chefgoose,Chef Goose,Common,24.59616213247719,12.516580860084796,46.63496310258358,27.63390727489565,29.940775163140202,606.1089000000001,2,0.8157044960129197,0.47892857673289674,0.00259999996,0.002,0.0007,3.8,10969.0
336,xFactorPOL,xFactor,Common,24.336757174547593,18.297597415707653,38.407199310060754,16.446854502087064,35.539549139806205,422.407691,3,0.7778932417259125,0.557354906439096,0.00378999999999,0.0015,0.001,,6749.0
337,byshagrath_,Shagrath,Common,24.297093563801077,11.685746012517663,19.48790031922562,52.30849358974359,22.174708325093928,127.86588600000002,1,0.900531646321542,0.00207255924977336,0.0025,0.0005,0.0005,90.8,7452.0
338,LostSnow_Rin,Lost Snow (villain arc),Common,24.26699016164429,16.90412376337573,10.236831943157245,44.510472570065595,26.971623492189046,589.812264,2,0.8741344160704583,0.5249693017431497,0.0025,0.0,,63.7,7588.0
339,ryannnsmit,Ryan,Common,24.18557755887143,10.419266101352715,60.83905337218591,14.920691711389388,36.25934348427921,233.04323,2,0.7835591350496187,0.5135913928730869,0.00209989999979,0.005600000000000001,0.0011,,11886.0
340,0xSanixxx,Sanixxx (anarchy arc),Common,24.1446710545741,16.856778719967693,24.758984656575016,42.02679636255218,18.42406565157208,214.63942500000002,2,0.7880311949317851,0.8237685956494594,0.00499,0.0005,0.0005,81.6,3513.0
341,flyest,IB 💸,Common,24.115164350043102,23.020114072279426,27.47890279064978,19.32476147883125,29.400929404785444,786.311354,2,0.8190793529303796,0.9169481018135416,0.0028999999,0.0016,0.0005,,6773.0
342,DWDrummer_eth,DWdrummer,Common,24.096119825227426,7.236725217040177,42.73878848728246,34.93108974358975,33.058631599762705,173.046052,1,0.8500697971427723,0.08580160675080367,0.0035,0.0019000000000000002,0.0011,48.3,5261.0
343,Riowgmi,Rio👾,Common,24.087504540644098,18.393726024631533,28.25818015652353,20.284063804412643,37.29038955902709,932.653984,2,0.7682751312983294,0.7628019741326375,0.005,0.0008,0.0008,,6875.0
344,CryptoeJammin,Cryptoe Jammin,Common,23.77564180828335,20.398950131233597,26.786228246318608,23.69499105545617,28.701502867312634,169.15105699999998,3,0.6655387457541814,0.7983260729379174,0.0021,0.0012000000000000001,0.0007,,6575.0
345,IbraTheDabra,Ibracadabra,Common,23.520155636798393,22.317358166767615,19.939707548141282,18.321854502087064,34.709412695273876,690.9415660000001,2,0.9045431070273426,0.6302262057350883,0.0027,0.0005,0.0005,,25877.0
346,xeetdotai,xeet,Common,22.88895907387137,8.385725822733695,27.21725362990423,34.31570512820513,36.958770021752024,50.16262849305449,1,0.8789984852534973,0.0,0.01998,0.0,,36.3,95855.0
347,Allenbaez126,ALLEN 🐺,Common,22.6480429809245,11.36687361195235,51.48739691962584,16.010807990459156,32.34180344077516,323.975347,2,0.7925214599771666,0.4841531429269367,0.0028,0.00231,0.00101,,11928.0
348,RealPiffsPeak,PiffsPeak,Common,22.587606070715125,13.041792852816474,30.242424827515187,23.607781753130592,35.71949772592446,345.501987,3,0.677497694943404,0.4164196711943104,0.0021,0.0014,0.0008,,3034.0
349,0xbeiu,Beiu,Common,22.501126550829618,21.522208762366237,20.364843991350018,26.90464743589744,21.095016808384415,113.73584799999999,1,0.9089370043660341,0.8761542525975788,0.0085,0.0,,6.6,2519.0
350,frostyz,Frostyz,Common,22.311532622469958,23.715096910963055,5.756410256410257,20.938133571854504,33.35979829938699,1041.7112809999999,2,0.9111269231073307,0.5347604662113145,,0.0,,,7559.0
351,AdrewXvii,ADREW from XVII.,Common,22.26444773499315,12.988264688067837,53.92825999075999,14.48464519976148,26.943345857227605,238.145898,2,0.7616376612690068,0.6930658474717942,,0.005,0.002,,8533.0
352,nashahmed3,Nash,Common,22.13091306009794,16.85253886533414,30.003398208217483,18.67069171138939,31.29038955902709,689.83542,2,0.8705751784565398,0.5080011110624134,0.0659899999999,0.0,,,11152.0
353,InfinityGlock99,InfinityGlock,Common,22.03570302214551,9.973021401171007,55.709214021714025,15.487552176505668,29.642574649001382,250.516206,2,0.7846443721793482,0.44734682583454644,0.00698999999996,0.0031,0.001,,10422.0
354,N3XTTT,N3XT,Common,21.953726509368455,17.273697758933977,32.96450545772835,14.833482409063807,31.71198338936128,161.217915,2,0.7481766524764685,0.9104390231110789,0.009703,0.0008,0.0008,,16943.0
355,coperto_xbt,Coperto,Common,21.875208180060955,17.382344033918834,5.756410256410257,47.27003205128206,14.195273877793158,100.469417,1,0.8980961715524667,0.7667863782311779,,0.0,,83.6,2435.0
356,SHWEPPS_,SHWEPPS,Common,21.717626626068753,6.247955784373106,56.57695995346597,14.3974358974359,36.477654736009484,170.72711300000003,2,0.6709812969115294,0.1393188090103933,0.00399999999997,0.0038,0.0013,,2042.0
357,MasterChiefNFTs,MasterChief 🩸,Common,21.70100260317713,15.20535534019786,33.15925883019257,16.577668455575438,32.64000395491398,412.622854,2,0.850020203030305,0.5643650390722577,0.0027,0.0012,0.0012,,32671.0
358,BuzzMalx,Buzz,Common,21.336845245504087,12.179335756107408,29.1204046957059,36.61121049493143,17.164425548744312,164.348783,1,0.717037532764486,0.8421713677715945,0.00559,0.0006,0.0006,35.5,6927.0
359,levithefirst,LΞVI,Common,20.95693675053346,18.296562689279224,28.818234476367003,17.100924269528925,25.0821633379474,544.370795,2,0.8794579305814905,0.6179744200747452,0.006,0.001,,,4869.0
360,adriadri,Adri 💜,Common,20.870388925765432,0.0,55.882934718778095,54.12820512820513,0.1923076923076923,0.0,0,,,0.005,0.0031999999999999997,0.0011,92.1,
361,darkanft,D A R K A,Common,20.621342951991977,12.457046234605286,53.287997972485925,14.3974358974359,20.423867905873045,33.041158,1,0.6801508806320353,0.9281716736031975,0.009899999999,0.0023,0.0008,,1764.0
362,bull_boiy,bull🪴,Common,20.537721322242476,11.236321421360792,52.673500481482414,25.5224358974359,10.236404983191616,25.579515999999998,1,0.6563604502658231,0.884469222732701,0.00489899999999,0.0024999999999999996,0.0008,5.6,821.0
363,Nadir_Nfts,NADIR || Community Builder,Common,20.471046391178724,14.922698364627498,35.0827219132942,16.359645199761484,25.89193197547953,405.001469,2,0.8543023693848983,0.5233107917183076,0.00989,0.0014,0.0007,,10086.0
364,doc_noonoo,doc_noonoo,Common,20.129033978279775,14.900262467191599,45.87869426423643,15.618366129994039,16.98447696262606,207.255983,1,0.7497852880486309,0.9517086257322763,0.00898999999999,0.0021000000000000003,0.0011,,5080.0
365,YatMuseum,✨ 🐐 ✨,Common,20.100155551144475,4.6412275388653335,60.208155212673276,14.3974358974359,29.041032232548943,68.786296,1,0.8034690665003416,0.011228233036770313,0.000999998,0.0066300000000000005,0.00144,,24824.0
366,bearish_af,BEARISH,Common,19.77476847942465,0.0,53.35676541926542,23.315705128205128,32.04320743523828,0.0,0,,,,0.038000000000000006,0.01,36.3,66669.0
367,LaraTheRudeDuck,Lara (Trader arc),Common,19.676903421078446,12.04754694124773,17.452457264957264,38.91185897435898,15.24668775954123,58.004391999999996,1,0.5556410685405164,0.9221171694133801,,0.0008,0.0008,55.5,3394.0
368,SHGFees,Superhighgasfees ❤️,Common,19.47565096161423,11.718781546537452,35.20523118113479,16.316040548598693,27.601443543602926,368.401517,2,0.8115607273603731,0.46348955036939865,0.004998989999,0.0011,0.0011,,13118.0
369,0xBellinili,Bellinili,Common,18.62599450777728,7.048405007066425,40.095564865143174,27.60897435897436,16.50632786236899,34.613278,1,0.6560634411476433,0.7158293346366195,0.00208,0.0021999999999999997,0.0009,15.6,1192.0
370,apurvajain24,Apurva Jain,Common,18.609887881290554,8.932137088633151,49.03781950393396,15.269528920691714,19.953628633577217,205.035613,2,0.7623386882581612,0.4173666465031145,0.002098,0.003,0.001,,8677.0
371,GrafinkaVi,Vi,Common,18.524615427717315,0.0,51.55736494140108,45.498397435897445,1.6318963812537077,0.0,0,,,0.00101,0.00211,0.00101,66.2,1500.0
372,fud_berry,berry,Common,18.370062253460446,0.0,59.15035679794716,14.3974358974359,30.930492386790583,3.852729,0,,,0.00114,0.0044,0.0011,,33231.0
373,MatDefies,Mat,Common,18.225315832053028,7.718125378558449,30.773362681495207,14.528249850924272,35.131006525608065,114.02355299999999,2,0.6777423076240958,0.451642476840494,0.006,0.0012,,,24530.0
374,jessyfries,jessyfries,Common,18.148303697135145,12.342746820109024,24.310363247863247,17.44976147883125,26.52175202689341,529.918576,2,0.8185185185185185,0.41921873148078537,,0.0014,0.0007,,8291.0
375,GaspodeWD,GaspodeWD 🎮🎙️📽️,Common,18.074701203434305,8.413108217242074,36.274019153537225,14.571854502087062,28.742831718410123,125.754764,2,0.7117823944533227,0.4700181094537891,0.0099,0.0006,0.0006,,12483.0
376,Just_Jibon,Nazrul Islam Jibon,Common,17.747535754225858,4.8871391076115485,61.23050083215745,14.3974358974359,15.994759738975675,64.571303,1,0.8066470640648669,0.027618162433150434,0.0017,0.00475,0.00115,,8441.0
377,Sk0rpETH,Sk0rp.eth,Common,17.568280028010687,8.58976882697355,31.842446709916587,22.292002087060233,20.285248170852284,123.51609300000001,2,0.7105181398853118,0.4965046846178086,0.00399898,0.0010999999999999998,0.0006,0.3,3258.0
378,voxelqueen,VQ,Common,17.567567839003164,11.77849283262669,17.239843991350014,15.66197078115683,32.16185485465691,277.693377,2,0.7940580441287173,0.5311559072338822,0.0055,0.0,,,13385.0
379,evans1vn,evans,Common,17.064477368631533,9.045553200080757,18.277031201729997,15.182319618366131,35.159284160569506,198.023548,2,0.7727533236709216,0.4261809023183539,0.00143999999998,0.0006,0.0006,,60341.0
380,queenmoon1337,MOON (power up/arc),Common,16.607033006094024,9.393574601251766,24.037026310369683,15.138714967203342,27.871366422780305,198.10630099999997,2,0.7783496378518677,0.4443128833594245,0.0016,0.0008,0.0008,,19656.0
381,jowenNFT,Jowen.eth 🔸,Common,16.089998666787032,9.168155663234403,33.49907321594068,14.877087060226597,18.96391140992683,170.142227,2,0.7584170354173758,0.47300750891038534,0.0049989,0.0010999999999999998,0.0006,,8890.0
382,666Sixpaths,Sixpaths🐸,Common,16.056152275566248,2.300121138703816,58.195690593280965,14.3974358974359,15.24668775954123,52.483119,1,0.6283227895096379,0.3867526143982164,0.0021,0.00291,0.00101,,3667.0
383,0xTama_,Tama,Common,15.81879731903625,9.54850595598627,11.968759654000618,14.3974358974359,33.508503065058335,181.144292,1,0.8817606700525706,0.3217424291313323,0.003,0.0,,,5336.0
384,defi_explora,m0h,Common,15.815489588818096,13.741368867353117,5.756410256410257,15.836389385807992,27.691417836662055,256.450249,1,0.7842953544141431,0.8349699017195376,,0.0,,,18419.0
385,imho_nft,imho,Common,14.629732634368732,15.79822834645669,5.756410256410257,15.531156827668458,17.79424560015819,232.679969,2,0.7261104561953218,0.8224601553419739,,0.0,,,5032.0
386,NF_Janner,Janner,Common,13.627588863001378,2.827629719362002,32.66561116259912,14.3974358974359,21.143662250346054,46.486746000000004,1,0.6851406338174582,0.05837108023522296,0.009899999999,0.0005,0.0005,,4148.0
387,juaneth77,Juan.eth,Common,13.548430666009898,0.0,27.95268896097209,14.3974358974359,30.220585327269134,50.09019599999999,0,,,0.0029,0.0008,0.0008,,2740.0
388,J0xhen,Jochen,Common,13.148498593444373,0.0,35.71299943363196,33.47435897435898,0.46223057148507013,0.0,0,,,0.00989999999997,0.0008,0.0008,35.0,305.0
389,0xrif0,RiF0,Common,13.014212053374662,0.0,48.67519436721244,14.3974358974359,12.007613209412694,12.903563,0,,,0.0099,0.0013,0.0008,,1796.0
390,senzer,Senzer,Common,11.899807574176478,0.0,18.66184610235815,34.94070512820513,5.320842396677873,0.0,0,,,0.0024,0.0007,0.0007,45.8,5119.0
391,LittleBladed,LittleBladed,Common,8.023988056735545,0.0,30.920843630933994,14.3974358974359,0.3722562784259442,0.0,0,,,0.0021,0.0013,0.0007,,97.0
